id,name,coordinates,zip_code,industry_type,general_industry
rWBOXmdnFTnTWc1jBne0Rw,Southern N Smoked,"39.276829, -76.613247",21230,"""Barbeque"", ""Smokehouse"", ""Soul Food""",Food & Dining
6ulR8s_SK3X0wYVQNZ0DSQ,Next Phaze Cafe,"39.291315, -76.613020",21202,"""Cafes"", ""Southern"", ""Seafood""",Food & Dining
s0LPuaTzR9euWzNT52o49Q,Sugarbee's Cafe & Grill,"39.291817, -76.615902",21201,"""American"", ""Wraps"", ""Caribbean""",Food & Dining
kTOlqpQmnA-8nWxE0lbFEA,The Land of Kush,"39.300167, -76.621694",21201,"""Vegan"", ""Soul Food"", ""Juice Bars & Smoothies""",Food & Dining
_-kMik32dINn2Xas6YvRzA,The Ivy Hotel,"39.303517, -76.612873",21202,"""Hotels""",Travel & Hospitality
PCU5mBJn44Nfj571TgkhmA,Water for Chocolate,"39.290320, -76.590500",21231,"""Breakfast & Brunch"", ""Southern"", ""Cafes""",Food & Dining
KwurOIbMLjJXLG65bVDafw,Posi's Kitchen,"39.301710, -76.614470",21202,"""African"", ""Tapas/Small Plates""",Food & Dining
v51LpFcxFm_iv7HATPwmEA,Rooted Rotisserie,"39.287778, -76.635754",21223,"""French"", ""Chicken Shop"", ""American""",Food & Dining
PiuD3MDAuPEBzCxMFVhKUg,Rosa's Bar & Grill,"39.278100, -76.612795",21230,"""Bars"", ""American""",Food & Dining
OL59Fpsp_xcNMsj78DyiFQ,Garden Rooftop,"39.294353, -76.622409",21201,"""New American"", ""Hookah Bars"", ""Cocktail Bars""",Food & Dining
yllFleLLvGVm9dZ-dRFZHg,Papi Cuisine,"39.268619, -76.612778",21230,"""Cocktail Bars"", ""Seafood"", ""Caribbean""",Food & Dining
KH917Qdpl9C-3TP_U5yojA,Everyone's Place African Cultural Center,"39.310450, -76.639900",21217,"""Bookstores""",Retail & Shopping
LGkpPF_0qonTDVSfPhR9SQ,RYMKS Bar and Grille,"39.287250, -76.602990",21202,"""Soul Food"", ""Sports Bars"", ""Venues & Event Spaces""",Food & Dining
brprkbkx6i3bYG3x9lt1RA,Swill By Blacksmiths,"39.283128, -76.631324",21230,"""Cafes""",Food & Dining
ZzVlHCkTI-ynK4y5UHhjdA,Vegan Juiceology,"39.294433, -76.619276",21201,"""Burgers"", ""Juice Bars & Smoothies""",Food & Dining
SW7bXYvHIbG9rQWf9zHR7A,Teavolve,"39.283171, -76.597827",21231,"""Coffee & Tea"", ""Breakfast & Brunch""",Food & Dining
l1XNqjp5oNqdHRSc1HtilA,Creole Soul Restaurant,"39.321620, -76.622200",21211,"""Cajun/Creole"", ""Soul Food"", ""Southern""",Food & Dining
qLPdCT1uYSdiTdeuzUJW0A,Blacksauce Kitchen,"39.321104, -76.624101",21218,"""Caribbean"", ""Smokehouse"", ""Southern""",Food & Dining
vwAZkj3c6Xylxk8ZycAF8A,Connie's Chicken and Waffles,"39.292375, -76.616049",21201,"""Waffles"", ""Breakfast & Brunch"", ""Southern""",Food & Dining
Y71vU07WBW5qGczn9_Yb7Q,Dovecote Cafe,"39.313714, -76.638648",21217,"""Coffee & Tea"", ""Breakfast & Brunch"", ""Cafes""",Food & Dining
JwMxSwqLVKA1jRVi9cXxxg,Saturday Morning Cafe,"39.286585, -76.602131",21202,"""Breakfast & Brunch"", ""New American"", ""Coffee & Tea""",Food & Dining
l0QysjKWxGEULPH3R0MOOA,Connie's Chicken and Waffles,"39.291184, -76.621879",21201,"""Southern"", ""Chicken Wings"", ""Waffles""",Food & Dining
wn2F4YsQKi6SzdZuIKZNQw,Ekiben,"39.330867, -76.631776",21211,"""Asian Fusion"", ""Sandwiches""",Food & Dining
u65W69AhbjUlvJJBkEhGNQ,Miss Shirley's Cafe,"39.287099, -76.605366",21202,"""Breakfast & Brunch"", ""American"", ""Cafes""",Food & Dining
hQ7P1QmGAQ3Ks7MYJnfCDw,Soul Kuisine Cafe,"39.310880, -76.613570",21202,"""Soul Food""",Food & Dining
D72plveORooGm-Mr8rki5g,Nick's Rotisserie,"39.282730, -76.629265",21230,"""Soul Food""",Food & Dining
8Ykwd0rkIA20q-gkYDjL1A,Cuples Tea House,"39.294324, -76.619316",21201,"""Tea Rooms""",Food & Dining
2JFfJU4kcS4eq9oEhYx9Kg,Jerk At Nite,"39.295830, -76.664630",21216,"""Caribbean""",Food & Dining
b6VrkHkqyChY4Mch6AlrTg,Matriarch Coffee,"39.286212, -76.610967",21202,"""Coffee & Tea"", ""Coffee Roasteries""",Food & Dining
svctnw5lum1vaTDagaub9g,Beauty Plus,"39.313596, -76.616555",21218,"""Cosmetics & Beauty Supply""",Retail & Shopping
9l9VfwlvTLkiHC0qPQp1fA,Black Acres Roastery,"39.291138, -76.622141",21201,"""Coffee & Tea"", ""Cafes""",Food & Dining
kOrGo4G7su1F1KHrcybcVw,Home Maid,"39.273693, -76.603197",21230,"""American"", ""Breakfast & Brunch"", ""Cocktail Bars""",Food & Dining
xxCD99jRUOyQjc--_vrDiQ,Koba Café,"39.272877, -76.604073",21230,"""Coffee & Tea"", ""Cafes""",Food & Dining
qzzRl_ql91axSBrHtmirUA,Cakes In The City,"39.300700, -76.618930",21201,"""Bakeries"", ""Custom Cakes"", ""Desserts""",Food & Dining
OuZQWTf_7ju-jscYUpjAPQ,Refocused Vegan,"39.294642, -76.621099",21201,"""Vegan""",Food & Dining
TcOR3be2qv1YE68xw0Ybng,MAP Technologies,"39.289577, -76.620560",21201,"""IT Services & Computer Repair"", ""Computers"", ""Video Game Stores""",Retail & Shopping
CKW3Iv-6c1w8lZiGm3Bjjg,Miss Carter's Kitchen,"39.294720, -76.663200",21223,"""Soul Food"", ""Seafood"", ""Breakfast & Brunch""",Food & Dining
9AkJlnyY17NaouZZSbOotA,Prim & Proper,"39.289120, -76.611670",21202,"""American"", ""Wine Bars"", ""Salad""",Food & Dining
-wCGzvvqQgeKh8Hf9zVO8Q,Cajou Creamery,"39.294335, -76.619412",21201,"""Vegan"", ""Ice Cream & Frozen Yogurt""",Food & Dining
PtDb2vf4H3Zk04r3xzCjMw,Magdalena A Maryland Bistro,"39.303410, -76.612795",21202,"""New American"", ""Bars""",Food & Dining
VkKPeH1ILCvj-O-T92zghw,Zen And The City,"39.299036, -76.615470",21201,"""Massage"", ""Yoga"", ""Reiki""",Health & Wellness
Zxj4PhLtrWUTaNsyN0bkWA,Dodah's Kitchen,"39.303855, -76.616344",21201,"""Vegan"", ""Bakeries"", ""Soul Food""",Food & Dining
eUqM5mQIH6kv9CYtBeuxoA,Sobeachy Haitian Cuisine,"39.276810, -76.613330",21230,"""Haitian"", ""Food Stands"", ""Caterers""",Food & Dining
qZx7sf7JnviW51vUVEGlTA,Cafe 1908,"39.304297, -76.616868",21201,"""Seafood"", ""Salad"", ""Sandwiches""",Food & Dining
CtHGALUoofDKRqqCfxbafQ,Sophomore Coffee,"39.315077, -76.618002",21218,"""Coffee Roasteries""",Food & Dining
43EIHjOZe7NpzQ-dKgDHJA,Llamas’ Corner,"39.308900, -76.625601",21217,"""Themed Cafes"", ""Coffee & Tea""",Food & Dining
oo5paagAzS25C3qb2yz9nQ,Ksm Candle,"39.330777, -76.642634",21211,"""Gift Shops"", ""Art Classes"", ""Candle Stores""",Retail & Shopping
AAm3jwOC2feBO4yPWzmVpg,Peppa Flame Restaurant and Lounge,"39.270632, -76.594180",21230,"""Salad"", ""Lounges"", ""Pasta Shops""",Food & Dining
lP9ShuZ0no3flZhAfSZxJQ,England Eatery,"39.287740, -76.635201",21218,"""American"", ""Soul Food""",Food & Dining
5NpiWyTnUZUIuACI4YyhLQ,E's Cleaning Solutions,"39.294813, -76.622169",21201,"""Office Cleaning"", ""Home Cleaning""",Professional Services
imwg4OG-eXiioyynr97NsA,Midnite Confection's Cupcakery,"39.277130, -76.614150",21230,"""Bakeries"", ""Cupcakes""",Food & Dining
hiyaI2I1v_4ptiToUjwR-Q,Hoodfellas Bistro And Catering,"39.290173, -76.611969",21202,"""Cafes"", ""Breakfast & Brunch"", ""Sandwiches""",Food & Dining
NyuTK2MOVVIl8aoMMysdYg,The Empanada Lady,"39.289205, -76.611191",21202,"""Empanadas"", ""Puerto Rican""",Food & Dining
-jZZEKPf-TVZqCly9n-Ndw,Black Acres Roastery - Open Works,"39.306134, -76.608912",21202,"""Coffee & Tea"", ""Cafes""",Food & Dining
ObGJ1gEwa8uzZyp7-1bs4g,The Green House Juice Cafe,"39.317261, -76.615226",21218,"""Vegan"", ""Juice Bars & Smoothies""",Food & Dining
OIuv_X34Vxm4brWGUU4eoA,Bike and Brunch Tours,"39.296449, -76.607430",21202,"""Bike tours"", ""Bike Rentals""",Travel & Hospitality
cIJM0gmRUuxe9GSlhND4FQ,Quench Juice Bar,"39.288250, -76.612430",21202,"""Juice Bars & Smoothies""",Food & Dining
z6pGuXUobExTd63jnqhjBA,England Eatery ,"39.288374, -76.640576",21223,"""Soul Food"", ""Seafood"", ""Comfort Food""",Food & Dining
Dby_LLF8BzQVBwtxNLCY0A,The Anonymous,"39.304213, -76.618310",21201,"""Lounges"", ""New American""",Food & Dining
8H5R-lGshKUQG642x-6zNA,Baltimore Gold Fronts,"39.298749, -76.582812",21205,"""Jewelry"", ""Jewelry Repair"", ""Watches""",Retail & Shopping
SGGKDmQjKd3BVmj9fwwbzA,Studio 7 The Salon And Spa,"39.298756, -76.615998",21201,"""Hair Salons"", ""Skin Care""",Personal Care
wO_-NyN2nxtwxj-hvXlMOQ,Nubian Hueman,"39.300270, -76.618950",21201,"""Accessories"", ""Men's Clothing"", ""Women's Clothing""",Retail & Shopping
_9QU4RRmjK-AyP47CYWCYA,K G Next Level Craftsmanship,"39.294094, -76.621201",21201,"""Handyman"", ""Carpenters""",Construction & Home Improvement
Ggwk4YdG8cRZgEbh_RiH3Q,K. Stewart the Salon,"39.301501, -76.617443",21201,"""Cosmetics & Beauty Supply"", ""Hair Stylists"", ""Hair Extensions""",Personal Care
nV61WVluV_ifBybrRWH07A,Buns & Roses Chimney Cakes,"39.279802, -76.612387",21230,"""Ice Cream & Frozen Yogurt"", ""Coffee & Tea"", ""Desserts""",Food & Dining
cE9ukAE3GxH1ol6QmM6-CA,Wine O Clock,"39.295840, -76.619040",21201,"""Bartenders"", ""Caterers""",Food & Dining
V8h0FcgKNiTNS3g9lJ16Fg,Maienfels Biergarten,"39.293400, -76.622130",21201,"""Beer Gardens"", ""Beer Bar""",Food & Dining
B56fX-7tPerkMbW41L8GbQ,D's Juice Bar,"39.289547, -76.620448",21201,"""Juice Bars & Smoothies""",Food & Dining
NXfyvHNrRx0v17zhEBcokg,Berries By Quicha,"39.278397, -76.612862",21230,"""Chocolatiers & Shops"", ""Candy Stores""",Retail & Shopping
lW_UxROvdjymg41X3s54PA,Taste This Balt,"39.318077, -76.615150",21218,"""Seafood"", ""Soul Food"", ""Breakfast & Brunch""",Food & Dining
bS1L4NFAty0UGgtE_IayJw,Cowboys Car Wash,"39.329965, -76.602685",21218,"""Car Wash""",Automotive Services
DBzOfmBz2iyb-Sbq2AQmbA,Kelley Gardens,"39.285560, -76.591120",21231,"""Nurseries & Gardening""",Other
jQHoJQCuobN6VxWk8kOGmQ,Ice Queens,"39.268290, -76.591080",21230,"""Shaved Ice"", ""Desserts"", ""Coffee & Tea""",Food & Dining
lAAQgR-KPhO1UWWwKSYsig,BLK SWAN,"39.284521, -76.598812",21202,"""New American"", ""Cocktail Bars""",Food & Dining
6ZlY9hCNbGLRa-DJpSZG3g,Naturally Chic Salon,"39.270549, -76.601741",21230,"""Hair Salons""",Personal Care
Tb6I8Zjo0e1vty1CHCMiZg,Beulah International,"39.299095, -76.583151",21205,"""African""",Food & Dining
jNWpmqa3MrDUcrXX3Kvb9Q,Free Ink,"39.292740, -76.617350",21201,"""Tattoo"", ""Piercing""",Personal Care
gMgSAUJdvUNan2FS1yhB9g,Unity Bar and Restaurant,"39.296090, -76.617920",21201,"""American"", ""Cocktail Bars""",Food & Dining
kHkVpH4m-dizl40xdv2OHQ,Aunt Kellys Cookies,"39.300018, -76.620284",21201,"""Bakeries""",Food & Dining
7utCeahKMRQlWCfANhkGyA,Elite Secrets Bridal,"39.293556, -76.615499",21201,"""Makeup Artists"", ""Bridal"", ""Sewing & Alterations""",Personal Care
YoU6Jpi2unIczicVrzsZWQ,Pandora's Box Boutique,"39.277090, -76.612698",21230,"""Accessories"", ""Home Decor"", ""Gift Shops""",Retail & Shopping
OIE-mY65W-m8sgHkPkv6Ig,The Place,"39.294700, -76.620700",21201,"""Lounges""",Other
UiXb5zwbl2nUlmLsYoizaQ,Party360 Entertainment,"39.315755, -76.637222",21217,"""Photo Booth Rentals"", ""Party Equipment Rentals""",Entertainment & Recreation
tQfszrAIDmGkH_fuzJ49yg,Slay Naturals ,"39.294813, -76.622169",21201,"""Pop-up Shops"", ""Cosmetics & Beauty Supply""",Retail & Shopping
j6rNDK00hY24raQj8dEtTQ,Releaf Shop,"39.302046, -76.618481",21201,"""Cannabis Clinics"", ""Vape Shops"", ""Head Shops""",Retail & Shopping
4XmPJYZjExyB7AjRBX3ICg,Outkum Enterprise,"39.295206, -76.606478",21202,"""Tires"", ""Towing"", ""Roadside Assistance""",Automotive Services
b_VNNCCPPAF7wHeQVq2rcw,BK Lobster Baltimore,"39.286117, -76.585096",21231,"""Seafood""",Food & Dining
QJi1OYOyc6jYZ5fGdPhzcQ,Eat Drink Relax,"39.301123, -76.617218",21201,"""New American"", ""Bars"", ""Seafood""",Food & Dining
GtOb_9_C7gGLoU6wjdAyqw,Salon D Renee,"39.297480, -76.619808",21201,"""Hair Salons"", ""Waxing""",Personal Care
Ir9umekWV3t0EMpEiLS9UA,TiPi Tent Soirees,"39.294813, -76.622169",21201,"""Party & Event Planning"", ""Party Equipment Rentals""",Entertainment & Recreation
b7eeRDBK61ra_a8cVB0EWw,Crab City Seafood,"39.293543, -76.662137",21223,"""Salad"", ""Seafood"", ""Sandwiches""",Food & Dining
6z_6YlDmkQYiytLK0lauoQ,My+Mamas+Vegan,"39.325140, -76.609740",21218,"""Vegan""",Food & Dining
kBrkyC16whqNRmg4TSvJTw,Döner Brös,"39.280110, -76.597500",21231,"""Kebab"", ""Mediterranean""",Food & Dining
rYVqmetSgbc2SlfNfJqw3g,ButieBeats,"39.294813, -76.622169",21201,"""Makeup Artists""",Personal Care
T8_30SYI2ydul2vljFfpTg,Baltimore Gold Fronts,"39.290803, -76.621175",21201,"""Jewelry Repair"", ""Jewelry"", ""Watches""",Retail & Shopping
MFvW61k93X-h88zvPgsPrQ,Flourish,"39.317251, -76.615154",21218,"""Gift Shops"", ""Spiritual Shop"", ""Candle Stores""",Retail & Shopping
9aAl-_DD2M4h8gXwUlemkA,Docks On The Harbor,"39.285383, -76.607064",21202,"""Steakhouses"", ""Seafood""",Food & Dining
Vfuwwy2Wus5QWKPzbBv2Iw,The Brass Tap,"39.306769, -76.619619",21217,"""Chicken Wings"", ""Beer Bar"", ""American""",Food & Dining
snKk1xhy49CM-7ocLv74xw,Silaca Properties,"39.294813, -76.622169",21201,"""Property Management""",Professional Services
4Dje0yBC-tNClvsRQy3mMg,Taharka Brothers - Cross Street Market,"39.276809, -76.613323",21230,"""Ice Cream & Frozen Yogurt""",Food & Dining
mtj4YqsJeqw0ltudUJlczg,The Purple Peach Nail Weave & Lash Bar,"39.313939, -76.617124",21218,"""Nail Salons"", ""Eyelash Service"", ""Hair Removal""",Personal Care
Ch3EbKdMFd6PI9yZRvP-bg,Tightfisted Fashion,"39.313782, -76.617114",21218,"""Thrift Stores""",Retail & Shopping
uAl0yCFCgJCo6nojvrnsOA,LadyDeeCare,"39.292670, -76.616940",21201,"""Skin Care"", ""Waxing"", ""Nail Salons""",Health & Wellness
p22DQBNURE7TzCUoC7VvLQ,Smoothflicks Banquet Hall,"39.289135, -76.612580",21202,"""Venues & Event Spaces""",Personal Care
TR7Oj7aakCgoGN1sOLrLxw,Camille Intuitive Wellness,"39.324737, -76.630022",21211,"""Massage Therapy"", ""Acupuncture""",Personal Care
n3bY9l_uDccV9X2TxH4rrg,Baltimore Seafood,"39.282840, -76.583750",21224,"""Seafood""",Food & Dining
jM74zBM2z7Y9NnoxeNEZQg,The Crazy Crab Bag,"39.269680, -76.611410",21230,"""Seafood"", ""Food Trucks"", ""Cajun/Creole""",Food & Dining
Izo6Ypt-Qc9sjAQyUTFK_A,JFP Express,"39.308369, -76.630821",21217,"""Movers"", ""Couriers & Delivery Services""",Professional Services
WqcVgboqIliathzUu2gZYg,Motion Boys,"39.294813, -76.622169",21201,"""Home Cleaning"", ""Movers""",Construction & Home Improvement
UaB4fzlp1Tgj6uViM6dDGg,Priss & Posh Events,"39.294813, -76.622169",21201,"""Party & Event Planning""",Other
DZqW6twYILQnRn9h33pR6Q,Tia’s Italian Ice,"39.331012, -76.630768",21211,"""Ice Cream & Frozen Yogurt"", ""Pretzels"", ""Desserts""",Food & Dining
2dIy9KQlWc8BdKMpmuwn6Q,Cross Street Market,"39.276810, -76.613330",21230,"""Public Markets""",Other
qCjMHDshHhRnj1qrpnU6lw,Codetta Bake Shop,"39.279620, -76.612380",21230,"""Bakeries"", ""Cupcakes"", ""Ice Cream & Frozen Yogurt""",Food & Dining
tfG3v-QfKoxdrEX-ACRvvg,Mount Vernon Records,"39.300500, -76.619270",21201,"""Books, Mags, Music & Video""",Retail & Shopping
YGXLuDqdcwG7W7uY1WH36w,Nadirah's Health Spot,"39.295780, -76.622330",21201,"""Life Coach"", ""Counseling & Mental Health"", ""Trainers""",Health & Wellness
etdAtkzZpYiizLJb_yFpFQ,Diaspora Salon,"39.316720, -76.617300",21218,"""Hair Salons""",Personal Care
kEzWA83l2Pu4axldzXwTpg,Platinum Amala Spot,"39.294854, -76.650764",21223,"""African""",Food & Dining
yDaWv_0Ywe61bCrKvK_g8A,princeroes & Suns cleaners,"39.294813, -76.622169",21201,"""Home Cleaning"", ""Office Cleaning""",Professional Services
rX_9cZ2jbXeK2Q8CL9Mb2Q,Denise Larell Hair Studio,"39.320630, -76.572692",21213,"""Hair Salons""",Personal Care
VyQclj1D56eEWMMtEp5Ilg,Pearls Party Providers,"39.304563, -76.576051",21213,"""Party Equipment Rentals"", ""Virtual Reality Centers"", ""Party Supplies""",Entertainment & Recreation
rUeYuEWlZvXyWAb4-p7xZw,Cheezy Mike's Food Emporium,"39.295855, -76.618436",21201,"""Comfort Food"", ""American""",Food & Dining
OYigXEmG2hUuSRMvSoIFaw,Jerry & Linda Taylor Custom Tees,"39.303770, -76.593360",21213,"""Screen Printing/T-Shirt Printing"", ""Graphic Design"", ""Customized Merchandise""",Professional Services
40YDT1f3UkxGunKP0wGnEA,Marshin's Designs,"39.310913, -76.672002",21216,"""Painters"", ""Pressure Washers""",Construction & Home Improvement
q7z-VOwj39c808codFUGNQ,Dj Nu Kicks,"39.294813, -76.622169",21201,"""DJs""",Professional Services
pJOCu1DaxKwMXZ5tZZbfpg,Behind The Rim,"39.308369, -76.630821",21217,"""Auto Detailing"", ""Car Wash""",Automotive Services
3QoFJXhMYAM6LLuBC1NKZw,JaynaSnaps Photography,"39.294813, -76.622169",21201,"""Session Photography"", ""Event Photography""",Professional Services
Gs3fVNXKuX9RafTl6yj5Iw,Denae Creative,"39.294813, -76.622169",21201,"""Graphic Design"", ""Web Design"", ""Marketing""",Professional Services
3mpaUDTzpiyGAg_BbnHbOA,Kissed By Kham,"39.294813, -76.622169",21201,"""Hair Stylists""",Personal Care
Q6Iur4E4kzciqkIISd6fHQ,Day's Auto Body,"39.291084, -76.599335",21202,"""Body Shops"", ""Tires""",Automotive Services
tw-3g3OB0r-R_CYny5GKIg,Clutch Junk Removal,"39.286185, -76.634976",21223,"""Junk Removal & Hauling""",Construction & Home Improvement
woWXsdVQF4nC3MtT5u8Qig,Shy Watters Hair Studio - Federal Hill,"39.271795, -76.611368",21230,"""Hair Salons""",Personal Care
FcXZb5R0_ONdyJOK9yKc3A,Danielle Coates,"39.294813, -76.622169",21201,"""Business Financing""",Professional Services
kWavKUX7V0UOTpDqytbYfQ,Shareef's Grill,"39.294339, -76.637383",21223,"""Halal"", ""Seafood"", ""Wraps""",Food & Dining
fF9aCQVEX8AKnJtPuQTgIQ,One Man And A Bucket Cleaning,"39.296449, -76.607430",21202,"""Office Cleaning"", ""Home Cleaning""",Professional Services
HU4PmN_WPBENZngA8vlJag,Berkley's Cleaning & Hauling Services,"39.308161, -76.638577",21217,"""Junk Removal & Hauling"", ""Movers""",Construction & Home Improvement
Ly8ahH_A46kGFzlEKngZ7Q,Connie's Chicken And Waffles,"39.284147, -76.593373",21231,"""Waffles"", ""Chicken Wings""",Food & Dining
mQlZ9MSpaE5tsdZzYirucw,Orgazine Clean Declutter,"39.296449, -76.607430",21202,"""Office Cleaning"", ""Home Organization"", ""Carpet Cleaning""",Professional Services
XpvPYX9_kB-3QLQFzsIvNg,Jay's Carpet & Upholstery Cleaning,"39.312170, -76.674230",21216,"""Carpet Cleaning"", ""Home Cleaning""",Professional Services
PlesyY9CSAJ11vr4sF38Nw,Charm City Haulers,"39.302040, -76.599640",21205,"""Junk Removal & Hauling""",Construction & Home Improvement
J7HLofa7f50I_Wa_lWXY-w,Little Italy Pizza on Monroe,"39.283275, -76.646937",21223,"""Pizza"", ""Chicken Wings"", ""Fast Food""",Food & Dining
rjVLCajWG9dZrFqNSiJ-aw,Angel Park Boutique,"39.283370, -76.592760",21231,"""Men's Clothing"", ""Accessories"", ""Shoe Stores""",Retail & Shopping
oHB4tz7aBenlUNG0-5GSRw,Lemonade Selfie Musuem,"39.294970, -76.615270",21202,"""Museums""",Entertainment & Recreation
W4KZpAIUAyY-Dn4xkl9GHg,Humanist Perspective Consulting,"39.295010, -76.612732",21202,"""Business Consulting""",Professional Services
vWKXtejq_0F6cgn2U1FPXA,Crazy Kenny's Junk Cars,"39.314316, -76.582391",21213,"""Junk Removal & Hauling"", ""Towing""",Automotive Services
A6qS_cQWt670Kxc3LMRrHw,Sky Lounge Skin Care,"39.295825, -76.615345",21201,"""Skin Care"", ""Waxing"", ""Teeth Whitening""",Health & Wellness
KqaDIb1j-KlL5RHTBnbsVw,Sacred Space Bmore,"39.330493, -76.628161",21211,"""Reiki""",Health & Wellness
EyzwOeUWwoKGeZcOcVUW0A,Ekiben,"39.285743, -76.594557",21231,"""Asian Fusion"", ""Sandwiches""",Food & Dining
7m4S8gjCHAl2wkFjdVr4Wg,Aventus House,"39.324450, -76.629840",21211,"""Venues & Event Spaces""",Personal Care
-T9i8eUcpI1JYy3pT001Ow,The Real Estate Store of Maryland,"39.319502, -76.621436",21211,"""Real Estate Agents"", ""Notaries""",Professional Services
Iswo-aI7hGd5XX_NlcpQOA,Everest Spice Bar & Grill,"39.284168, -76.593401",21231,"""Barbeque"", ""Cocktail Bars""",Food & Dining
whx6w8DOVQZijICx81iB0w,Reaux,"39.295780, -76.622330",21201,"""Business Consulting"", ""Marketing"", ""Graphic Design""",Professional Services
pEtclg7ti8F1zTB_StDdVQ,Get It Inn Island Cuisine II,"39.285070, -76.586480",21231,"""Caribbean"", ""Bars""",Food & Dining
gpuK7c9pY2bZHn80CtO8kQ,Fleurs d'Ave,"39.310481, -76.637323",21217,"""Florists"", ""Floral Designers"", ""Gift Shops""",Retail & Shopping
_iWvvEnk2kWGgmy-dwiWew,Loving House Holistic Spa,"39.295780, -76.622330",21201,"""Day Spas""",Personal Care
AcM9pxO3ocXTjaaIn52XIQ,Lexington Market,"39.291082, -76.621683",21201,"""Public Markets""",Other
6DpAvDH6jZNn-bBa3X6Fqg,Mr Bobbys Chicken,"39.293259, -76.662412",21223,"""Chicken Wings"", ""Seafood"", ""Soul Food""",Food & Dining
V3HQyLbnamopztN619SxHQ,JayIs@YourService,"39.306000, -76.638260",21217,"""Roadside Assistance""",Automotive Services
jK0tuTkBZKeR5gwIq0QpZA,Kristie Homes Group,"39.296337, -76.621054",21201,"""Property Management""",Professional Services
-DDFdGfQ0rfr4zONPkUMRg,A2Z Movement,"39.299392, -76.612298",21202,"""Business Consulting""",Professional Services
PLK4HtrrSOGwO3W1z-JXDA,Nights Over Egypt,"39.302120, -76.615520",21202,"""Alternative Medicine"", ""Massage""",Health & Wellness
YP9Ty33K6wRKK2RotvRCmQ,The Professional Credit Diva,"39.295780, -76.622330",21201,"""Debt Relief Services"", ""Business Consulting""",Professional Services
5cUT1uPR5EWoD7zS3e1YOw,Harmony Therapeutic Massage,"39.277210, -76.614160",21230,"""Massage Therapy"", ""Reflexology""",Personal Care
pum7l5bHbuULEV3fGzLecA,Style My Smile,"39.288060, -76.648041",21223,"""Cosmetic Dentists"", ""Teeth Whitening""",Health & Wellness
D9rnDvi5hkRTv5xaGdFePw,Charmcityscartel Photography,"39.292830, -76.607340",21202,"""Real Estate Photography"", ""Event Photography"", ""Session Photography""",Professional Services
PktNcaxWYEh9FXpLQ9LqZw,Clean With Charlene,"39.320543, -76.592469",21218,"""Office Cleaning"", ""Home Cleaning""",Professional Services
uiMVFk0q9YHD_avH2QOzWg,Royalty Venue,"39.291040, -76.644100",21223,"""Venues & Event Spaces"", ""Party Equipment Rentals""",Entertainment & Recreation
eu8pK_RnIIwcWgVOIDuCcQ,The Vegan's Choice - Virtual Brand,"39.317080, -76.654690",21215,"""Vegan"", ""Food Delivery Services"", ""Gluten-Free""",Food & Dining
fCzs-n49aRM8usSRrh8RdQ,O's Mobile Auto Repair Service,"39.295780, -76.622330",21201,"""Tires"", ""Windshield Installation & Repair"", ""Auto Repair""",Automotive Services
HQsWhUSjJ4cTLbfq5QP-Og,J Starks Painting & Design,"39.291270, -76.604520",21203,"""Painters""",Other
6FQcLjjFumm8JN17jygoRA,BeezWax Beauty,"39.313780, -76.617110",21218,"""Hair Removal"", ""Skin Care""",Personal Care
oa0ZA3jmmHQ32WdiTkmCFw,Terra Cafe,"39.317729, -76.615094",21218,"""Cafes""",Food & Dining
who2sdZYxbVm9mtoBVMQrA,E.C.E. Talent Agency,"39.287920, -76.615503",21201,"""Talent Agencies""",Professional Services
fv5iQiIzxJ_-vqMcyZnc9Q,Sourc Her Studio,"39.324621, -76.629898",21211,"""Session Photography""",Professional Services
XbBWE6-qADKu0618bR8I6w,Barksdale Beautification Services,"39.275219, -76.611847",21230,"""Movers"", ""Junk Removal & Hauling"", ""Snow Removal""",Construction & Home Improvement
WA_T3pYJ5apkYkQtp_d4Fw,Hearts & Ears,"39.296880, -76.617970",21201,"""Community Service/Non-Profit""",Entertainment & Recreation
_B6q8TLNWuRBpCDP_HP0gg,B N T Mobile Auto Rep,"39.308161, -76.638577",21217,"""Auto Repair""",Automotive Services
_W9aS8UudnmT3wB6kZ3TUQ,Digital Factory,"39.288790, -76.607970",21202,"""Art Space Rentals"", ""Session Photography""",Personal Care
EX92eXQZv8v1dw4SGrHznQ,Tutor Your Problem,"39.295780, -76.622330",21201,"""Tutoring Centers""",Education & Training
t4y4dkkFV_VLynsLr8Cs5A,Makeup by Monroe,"39.329965, -76.602685",21218,"""Makeup Artists""",Personal Care
7APtBDSQzJPj7oNH5qPk5g,Tohi Hauling & Transport,"39.286727, -76.639602",21223,"""Junk Removal & Hauling""",Construction & Home Improvement
xxolDw2GMaiN6ayRPDqUGA,DNS Technology Group,"39.326742, -76.609658",21218,"""IT Services & Computer Repair""",Professional Services
QAGRz7a3IBzRKBCuVCVQIw,Laced With Becky,"39.283665, -76.592807",21231,"""Hair Extensions""",Personal Care
ua7INwKYmmrya9SXMv7sbw,Che Yoga,"39.322745, -76.600657",21218,"""Yoga"", ""Alternative Medicine""",Health & Wellness
5-CjSU4p8vSXyUMhHMXM7A,The Honey And Coco Brilliance Studio,"39.324450, -76.629840",21211,"""Eyelash Service"", ""Teeth Whitening""",Health & Wellness
q12ntXndj97ZL12y54covQ,Joseph H Brown Jr Funeral Home PA,"39.313077, -76.646934",21217,"""Funeral Services & Cemeteries""",Professional Services
A92c8fukBoD9prz8HZtD4w,Welcome to Fefe's Nail & Mobile Spa World,"39.306452, -76.621246",21217,"""Nail Salons"", ""Waxing"", ""Eyelash Service""",Personal Care
qF0uC9urPeoSu5YAqQQtzw,1 Touch Mobile Automotive,"39.284210, -76.653198",21223,"""Auto Repair"", ""Transmission Repair""",Automotive Services
ioT79tdA4M3GoyhpLdqdzw,Couture Beauty Bar,"39.317955, -76.618624",21218,"""Hair Salons""",Personal Care
VXSQvlO91kmIDonihCtWsw,JF Divine Cleaning & Commercial Services,"39.293712, -76.614414",21202,"""Office Cleaning"", ""Carpet Cleaning""",Professional Services
OK1x7VErvnyNyevFTh0y2Q,Keep Swinging,"39.325552, -76.609664",21218,"""Business Consulting"", ""Graphic Design""",Professional Services
mE5XvJ-FwZwMz1aV54AcOA,Sky Automobile Mechanic,"39.276093, -76.660459",21223,"""Auto Repair"", ""Tires"", ""Transmission Repair""",Automotive Services
m5_xwACUll2BVSsfnSU1VQ,Sominbo Wellness,"39.317667, -76.614655",21218,"""Massage Therapy"", ""Reiki"", ""Meditation Centers""",Personal Care
7UbU6pxqyNgIAsXMY7Tl_Q,Elevated Kitchen,"39.316236, -76.619051",21218,"""Food Stands"", ""Caterers""",Food & Dining
0si1QnO130m67d57DsaOYg,Montay Cleaning Service,"39.286534, -76.613558",21212,"""Home Cleaning"", ""Window Washing"", ""Office Cleaning""",Professional Services
v5wx62OXnRDbMx7LTYHF8A,Livers & Sons Painting,"39.288980, -76.613650",21202,"""Painters"", ""Pressure Washers""",Construction & Home Improvement
N6KtHKqbeZHveZDxgvCA0w,The Urban Beauty Luxe,"39.284390, -76.591910",21231,"""Cosmetics & Beauty Supply""",Retail & Shopping
Z4t19tbM8lLysRAnHIp_Kw,Avenue Station,"39.311973, -76.609168",21218,"""American"", ""Convenience Stores""",Food & Dining
l9YdCbaV4PeGFSgBmynAvA,Towson Kicks,"39.268736, -76.589417",21230,"""Shoe Shine"", ""Shoe Repair""",Construction & Home Improvement
LQRtbk0g57w8HhS1DWUCZQ,K. Stewart Beauty and Wellness,"39.284456, -76.598566",21202,"""Skin Care"", ""Laser Hair Removal"", ""IV Hydration""",Personal Care
mu_4OhO0jLtG0Iuzy8BAKA,The Bounce Playhouse,"39.281953, -76.653229",21223,"""Kids Activities"", ""Venues & Event Spaces"", ""Bounce House Rentals""",Entertainment & Recreation
NGed2BlBjblDcKPMd3Q-OA,Reflex Functional Fitness,"39.269773, -76.588680",21230,"""Trainers"", ""Cardio Classes"", ""Boxing""",Fitness & Sports
23jC2oP7fri0gTF-t7m2WQ,Village Tag and Title,"39.315139, -76.580521",21213,"""Departments of Motor Vehicles"", ""Notaries""",Professional Services
jgT-OgAIia0ks6KPH8ZiOg,Immigration Corner,"39.288325, -76.610347",21202,"""Immigration Law""",Professional Services
9KzLcbg_Gacra8gOFc62Uw,Maryland Zoo in Baltimore,"39.322617, -76.649877",21217,"""Zoos""",Entertainment & Recreation
Wa9zeHvS2RxSXkvY2uzhLQ,"Camper & Associates, CPA","39.309803, -76.671799",21216,"""Accountants"", ""Bookkeepers"", ""Tax Services""",Professional Services
W9Oud2_VjHw_9NUZ35IhgA,Holliday Food Mart,"39.292256, -76.610607",21202,"""Convenience Stores""",Retail & Shopping
8uuRe9y3NBPwk060ud-Urw,Noni Therapy,"39.318155, -76.614564",21218,"""Massage Therapy"", ""Waxing"", ""Body Contouring""",Personal Care
Ht35l9_gOtTsb7zfWvpcpA,Sapphire's Lounge & Events,"39.263900, -76.656080",21230,"""Venues & Event Spaces""",Personal Care
f81EqU-3_XnRVGCmJGPAww,At Your Service Cleaning,"39.308161, -76.638577",21217,"""Home Cleaning"", ""Office Cleaning""",Professional Services
IYCAN_ipQCb5zLO5tdhJHg,Derrick’s Carpet Services,"39.284210, -76.653198",21201,"""Carpet Cleaning""",Professional Services
i7Ok1hNTQcLk3so8ovId3A,RW360 Photobooth,"39.296449, -76.607430",21202,"""Photo Booth Rentals""",Entertainment & Recreation
DVhHlxFEWBgZwvGRoVzGcw,Your Home Clean Home,"39.284210, -76.653198",21223,"""Home Cleaning"", ""Office Cleaning""",Professional Services
RROboZ8IWjCNOqAC0p2MXA,S&S Handyman And Maintenance Service,"39.329970, -76.639371",21211,"""Handyman"", ""Drywall Installation & Repair"", ""Plumbing""",Construction & Home Improvement
VJIxpTeQKtBl9IY0Fu11vQ,Charm City Culture,"39.305669, -76.635495",21217,"""Marketing"", ""Business Consulting"", ""Advertising""",Professional Services
JcpNHQ5PSs856c3ue6CDSQ,TDG Sprinters,"39.296449, -76.607430",21202,"""Limos"", ""Airport Shuttles""",Travel & Hospitality
ib6LiFMmpwKFNjzv4J8bAA,Gold Star Administrative Logistics,"39.308369, -76.630821",21217,"""Personal Assistants"", ""Marketing"", ""Web Design""",Professional Services
z_bhPZNvuw6YpbJWxwfnYQ,Fox Z Studio's,"39.285960, -76.625140",21201,"""Session Photography"", ""Talent Agencies""",Professional Services
IzbQrTeDA2tmBElHHD0E_A,Free Baltimore,"39.294940, -76.615020",21202,"""Counseling & Mental Health""",Health & Wellness
3o4nLC3khDHBzryY5Ps58Q,Drayton Tax Professionals,"39.328080, -76.593230",21218,"""Tax Services"", ""Business Consulting""",Professional Services
XuKJnD2cNkw1zfq1Z2v7hw,THE TAX SALE COACH,"39.308161, -76.638577",21217,"""Tax Services"", ""Real Estate Services""",Professional Services
_5u69PUKAKJGPgE36sdytA,Green Environmental,"39.299434, -76.612255",21202,"""Home Inspectors""",Construction & Home Improvement
344I2BZ0aCbEvY_1igFsWw,DivahGlam,"39.298618, -76.582489",21205,"""Hair Extensions"", ""Wigs"", ""Cosmetics & Beauty Supply""",Retail & Shopping
-oeFYNs2N118yjsO_qkg9w,Bmore On Demand Technologies,"39.289190, -76.614100",21202,"""Taxis"", ""Car Share Services""",Travel & Hospitality
mFlMNErb4Nkx3Q1iZSoaIQ,Okudzeto Realtico construction,"39.311450, -76.635382",21217,"""Tiling"", ""Carpenters"", ""Flooring""",Construction & Home Improvement
GVWZMYFvvZ5-ZTdNSuLMKA,"The Law Offices of KE Timmons Esq., CPA","39.293724, -76.614386",21202,"""Personal Injury Law"", ""Legal Services""",Professional Services
Dtl1L5H5iWue4pjy8c0FaQ,Harmonious Living Chiropractic Fitness & Wellness Center,"39.289252, -76.611227",21202,"""Chiropractors"", ""Physical Therapy"", ""Pain Management""",Health & Wellness
RzsLYEf2KHXYRoFvRbDjvw,Jamerican Eats Caribbean Soul Fusion,"39.266293, -76.622433",21230,"""Caribbean"", ""Food Trucks""",Food & Dining
DbH9aEs4FizCNkueVRBsww,RGH Products,"39.284440, -76.650240",21223,"""Office Equipment""",Other
AbQSIUiRg6S5au2uxBLy5w,Mr Nice Guys Bmore,"39.276600, -76.612550",21230,"""Cannabis Clinics""",Other
xVQChITxu5nxYxJadtYY2g,Golden Hands Handyman Services,"39.266293, -76.622433",21230,"""Flooring"", ""Landscaping"", ""Tiling""",Construction & Home Improvement
qZcnkU4xc0pXcm_8bch-1g,Drip Depot Jewelers,"39.287310, -76.611430",21202,"""Jewelry"", ""Watches""",Retail & Shopping
hMQ4E_yuSNMdXvB2ZhesYg,DreaXAllure,"39.291055, -76.615027",21239,"""Eyelash Service""",Health & Wellness
2iWueOnXJ5X4JuREfjL75g,Yeht Company,"39.331409, -76.630926",21211,"""Gift Shops"", ""Accessories"", ""Home Decor""",Retail & Shopping
Ssqw7Wv8a2D7gjL7eZUzbg,Absolute Freight,"39.299392, -76.612298",21202,"""Couriers & Delivery Services"", ""Shipping Centers""",Professional Services
2VFj0EG8e3mP9c69RtkbWw,Baltimore City Department of Transportation,"39.290235, -76.609356",21202,"""Public Services & Government"", ""Public Transportation""",Professional Services
tOdTin2ObVquzde1iid3Iw,LL13Fitness Heart,"39.284440, -76.650240",21223,"""Trainers"", ""Boot Camps"", ""Interval Training Gyms""",Fitness & Sports
4Nf-K5rJuCMCAmyheeYF-w,Key’s Decor,"39.306000, -76.638260",21217,"""Party Supplies"", ""Party & Event Planning"", ""Party Equipment Rentals""",Entertainment & Recreation
Lo6ODrRcj1BSkA4whbbxyg,ISLAND VYBZ NUTRITION,"39.330990, -76.629840",21211,"""Nutritionists"", ""Juice Bars & Smoothies""",Food & Dining
lCd8Ch5CBGJ-5a6Bdl798Q,BEC Commercial Cleaning Services,"39.310913, -76.672002",21216,"""Office Cleaning"", ""Home Cleaning""",Professional Services
H7Zu3UjqsunyG_OTdG3AMw,The Benniies Experience,"39.296449, -76.607430",21202,"""Caterers"", ""Personal Chefs""",Professional Services
xAOg_5Q3wNXpy9Yuc8r-Aw,Wrights Signing Service,"39.290154, -76.611227",21217,"""Notaries""",Professional Services
VTkfY8HMKleLlr-1slS2jQ,XGR8,"39.313480, -76.615950",21218,"""Barbers""",Food & Dining
GbHkPx_AfUAnXrtzvKDMjA,Denzel's Shark Bar Grill,"39.282482, -76.592712",21231,"""Caribbean"", ""Breakfast & Brunch"", ""New American""",Food & Dining
zW2ourb57bdvuVAvO7-UpQ,Mobile Notary Service,"39.286534, -76.613558",21218,"""Notaries""",Professional Services
9k-It2GvRaQpx3kLqE3pzg,All Family,"39.302120, -76.615520",21202,"""IT Services & Computer Repair"", ""Web Design""",Technology & IT
FEKKIj6bN3lC_Da2FGzcfQ,McFadden Accounting,"39.288140, -76.606140",21202,"""Accountants"", ""Tax Services"", ""Bookkeepers""",Professional Services
W1opTFPaILLDeH8TrJQc5A,Baltimore Job Seekers,"39.296449, -76.607430",21202,"""Employment Agencies""",Professional Services
QRV63b-bkdk33DbuipqGYw,K Spot Hair Salon,"39.277140, -76.614650",21230,"""Hair Salons""",Personal Care
SGG6ONkXIyDc5TDGgTW-6g,Andre & RJ Demolition and Hauling,"39.308161, -76.638577",21217,"""Demolition Services"", ""Junk Removal & Hauling""",Construction & Home Improvement
n146uXWJDHM7cZou7kUGMA,Ziac Events,"39.289980, -76.609900",21202,"""Venues & Event Spaces""",Personal Care
-e3Tdlo3CpjWk0GBragWMA,PTC Cleaning Services,"39.286534, -76.613558",21206,"""Office Cleaning""",Professional Services
4rzV-SYCZfCrHDsgnDLtTQ,The Wellness House,"39.306000, -76.638260",21217,"""Juice Bars & Smoothies"", ""Vitamins & Supplements"", ""Health Markets""",Food & Dining
PGkjsy9STTMs-Clu6ELb1g,Atkins Cleaning Services,"39.287950, -76.643410",21223,"""Office Cleaning"", ""Home Cleaning""",Professional Services
sbwmhID0woqHXRk_1t53yQ,Foevr Fly,"39.296449, -76.607430",21202,"""Barbers""",Food & Dining
t2WSWWm2ygyrtTRn8PIrZw,Its A Breeze Solutions,"39.308161, -76.638577",21217,"""Electricians"", ""TV Mounting"", ""Generator Installation/Repair""",Construction & Home Improvement
TZyCoysDPbMsp68NjTtQBQ,Tiffany Hill - Paramount Residential Mortgage Group,"39.288788, -76.611166",21202,"""Mortgage Lenders""",Finance & Insurance
Ixaextld4IokUAoIS6xBjw,Baltimore Hydroponics,"39.283386, -76.593017",21231,"""Hydroponics""",Other
06-JhGNjuxFqJKy4jI1oDA,Spot More,"39.296449, -76.607430",21202,"""Car Wash"", ""Auto Detailing""",Automotive Services
10EJd92nyEAHl4PEWaJP1w,Hair By Tria,"39.292830, -76.607340",21202,"""Hair Stylists""",Personal Care
6h5Sv0HoYE1dznDhEGp2bA,C O R Consulting,"39.299414, -76.603722",21202,"""Community Service/Non-Profit""",Entertainment & Recreation
xCXigVrd0jKM2iVXscDdiw,Lotus BHRS,"39.310006, -76.616745",21201,"""Community Service/Non-Profit"", ""Counseling & Mental Health""",Health & Wellness
vGKLFrjYL8fKQa-wthy-Zg,Empowerment to Begin Again,"39.311713, -76.615548",21202,"""Community Service/Non-Profit""",Entertainment & Recreation
q2eT3UywJSkkfOMndSeBkg,Grant Capital,"39.286720, -76.639600",21223,"""Property Management"", ""Home Inspectors""",Professional Services
rX150AE9GSA8yq2Hxf4n_Q,J&K Miracle Cleanup,"39.329965, -76.602685",21218,"""Home Cleaning""",Professional Services
jQCUNtHPL4V3Xyjg2uOpuw,Ayo Boutique,"39.297220, -76.603040",21202,"""Women's Clothing"", ""Men's Clothing"", ""Children's Clothing""",Retail & Shopping
A3CAouLD_gogfGVMStPElg,Bliss Serenity Spa,"39.306000, -76.638260",21217,"""Day Spas""",Personal Care
Wzlh8dgToA3hbyQ1yDeU8w,Vashtiblue Jewelry Studio,"39.309473, -76.618077",21201,"""Jewelry""",Retail & Shopping
CXUaspBrybGftiuJ4a_1Sw,CP Retention,"39.306628, -76.610534",21202,"""Web Design"", ""Graphic Design"", ""Session Photography""",Professional Services
MIjGXCEUFak6HirjlgRONQ,B More Urbana,"39.295010, -76.612732",21202,"""Social Clubs""",Entertainment & Recreation
XsDP4z2E2-o7CGE-uwBnGA,Zara Visuals,"39.297840, -76.607468",21202,"""Event Photography"", ""Video/Film Production"", ""Session Photography""",Professional Services
gX7EVbmgNpC3xCKBvRiWFQ,Empowering Minds Resource Center,"39.309960, -76.616850",21201,"""Counseling & Mental Health"", ""Home Health Care"", ""Child Care & Day Care""",Health & Wellness
l8kv8K5zdDGEjSZqqrZZ-Q,Style My Smile,"39.310913, -76.672002",21216,"""Teeth Whitening""",Health & Wellness
gngzVX0l7hGKqS4oQoC24Q,Action Environmental Consulting & Services,"39.309803, -76.671799",21216,"""Environmental Testing"", ""Home Inspectors""",Professional Services
_jnPFtXOgwvZ8Q92ivFpgQ,K & J Mobile Notary Public,"39.306000, -76.638260",21217,"""Notaries""",Professional Services
CHt-jnqJuMZOZ5k-9Dej7g,Mahogany Professional Services,"39.288260, -76.610480",21202,"""CPR Classes"", ""Graphic Design"", ""Notaries""",Professional Services
su8lxRrjnp12uNVYkEUECg,Anteedote X Consulting,"39.287132, -76.645622",21223,"""Alternative Medicine"", ""Medical Cannabis Referrals"", ""Cannabis Collective""",Health & Wellness
xer0wza_90ltSRi2DBQqQw,Soulrenity Wellness Spa & Boutique,"39.291424, -76.611261",21202,"""Massage Therapy"", ""Skin Care""",Personal Care
A-nK7XNpdTgLQ3pfiazD8w,Patton Healthcare Services,"39.313341, -76.617088",21218,"""Home Health Care"", ""Personal Care Services""",Professional Services
LlwTrE9ItuADBtaD6S8Xjw,Lancaster Green & Harris,"39.284210, -76.653198",21223,"""Junk Removal & Hauling""",Construction & Home Improvement
fcO-K6Tvqb_Ym8VQ5ZfIxQ,Get Nailed On The Go,"39.329965, -76.602685",21218,"""Nail Technicians""",Personal Care
AaG2jE41JVp8L2zWzaXwHA,Platagy,"39.282845, -76.601182",21202,"""Jewelry"", ""Antiques"", ""Used, Vintage & Consignment""",Retail & Shopping
ans4jDIViIW_8Rfx50UEYA,Illuminate Your Path,"39.296449, -76.607430",21202,"""Notaries"", ""Property Management"", ""Legal Services""",Professional Services
GPCdelgP6HMYAxGlyVc8rg,Tyrell's Automobile Repair,"39.308161, -76.638577",21217,"""Auto Repair""",Automotive Services
KaLpI9oHFnmp7V6bJAS3RQ,Alexander Cleaning & Trash Removal,"39.309803, -76.671799",21216,"""Home Cleaning"", ""Office Cleaning""",Professional Services
FLSEoSqIDbS6Fo9FFEVyoQ,The Fillyaw Group,"39.283647, -76.613543",21202,"""Real Estate Services""",Professional Services
zs0VOkyaQ0W07B6k_w22Tw,CYD Business Financing,"39.274461, -76.617716",21230,"""Business Financing"", ""Financial Advising""",Professional Services
9CKloa_EvX4ZPt-fozkwMg,MD Heavy Duty Towing,"39.294115, -76.658664",21223,"""Towing"", ""Roadside Assistance""",Automotive Services
AKjBIYLu4nkym8oKY3G10w,Yanni The Designer,"39.306520, -76.610570",21202,"""Sewing & Alterations"", ""Women's Clothing""",Personal Care
5jJBQR8JalD9-eZPoR5ebg,Saucey Kitchen,"39.315167, -76.577193",21213,"""Food Delivery Services""",Food & Dining
w3fibSAHJhPbnyfrGJAyHg,Donald's Hair Studio,"39.282824, -76.627713",21230,"""Hair Salons""",Personal Care
Gs-zErmUhzmzgfofv2R-LQ,Boo Boo Moving & Hauling,"39.329965, -76.602685",21216,"""Landscaping"", ""Junk Removal & Hauling"", ""Tree Services""",Construction & Home Improvement
UwBQ3-CgrnbdSpC1J8QbJA,Natural Born Champions,"39.305742, -76.598635",21213,"""Child Care & Day Care"", ""Recreation Centers"", ""Summer Camps""",Education & Training
OStX4Tdsdc0O6IWy1j01Mw,Blend It B*tch,"39.329361, -76.609693",21218,"""Juice Bars & Smoothies""",Food & Dining
H4JNwHYzJegXF03DWosx9Q,Luxe/rich Beau,"39.318080, -76.617700",21218,"""Eyelash Service"", ""Waxing"", ""Skin Care""",Health & Wellness
hVB75jw8GjRuFylWn4ZJMg,Irie Island Grill,"39.315167, -76.577193",21213,"""Food Delivery Services"", ""Food Trucks"", ""Comfort Food""",Food & Dining
ZtRqL4917f2yE1Jxy9lIDg,Luxurious Looks,"39.306717, -76.635399",21217,"""Eyelash Service"", ""Makeup Artists""",Personal Care
6owjWRd3goZM3-JRBLBS1Q,Rey's Roof,"39.302615, -76.589610",21205,"""Pet Sitting"", ""Dog Walkers""",Pets & Animals
gqa_S3eX_bGMDeGa8ibDPA,The UPS Store,"39.283722, -76.603002",21202,"""Shipping Centers"", ""Printing Services"", ""Mailbox Centers""",Professional Services
-PueRHDyCfdhh_KGZoIKrQ,L & J Processing Facility,"39.290902, -76.658760",21223,"""Recycling Center""",Other
BIgdsLNp9BbWsUjnoDlO-g,Detailed Designs,"39.309803, -76.671799",21216,"""Interior Design""",Other
yHCQbmAkRQn0laf_5w2U6g,Keystone Contracting,"39.266293, -76.622433",21230,"""Electricians"", ""Tiling"", ""General Contractors""",Construction & Home Improvement
zjRIF8POLyDJKZqjNoTC7w,I Can Tutoring,"39.310913, -76.672002",21216,"""Private Tutors""",Education & Training
gA11kBVCuUiqPrrShauQVg,MKM Logistics,"39.266293, -76.622433",21230,"""Couriers & Delivery Services""",Professional Services
rpwPsCKsDd5LPBClMLTYkw,Femmi Hair Salon,"39.270551, -76.601680",21230,"""Hair Extensions"", ""Blow Dry/Out Services""",Personal Care
wHhy8x1qFFQn3WUvSrBkOQ,Blk Cars,"39.284210, -76.653198",21223,"""Town Car Service""",Travel & Hospitality
VQ83mCkHKo9zM1v_jDUfCw,Legal Beagle Paralegal Service,"39.315167, -76.577193",21213,"""Criminal Defense Law""",Professional Services
2bW5XgKtufm0LVUmiwjMZg,Ambassador Envoy,"39.284210, -76.653198",21223,"""Town Car Service""",Travel & Hospitality
w9LMwBp7d8OgvWVUBP7Ltg,Certified Notary Signing Agent,"39.284210, -76.653198",21223,"""Notaries""",Professional Services
0VjqAhQE7a3rMSneHphA4Q,NMD Notary Service,"39.285044, -76.673465",21229,"""Notaries""",Professional Services
yIT-s_C_EVDP1kqWzkIjmw,Melissa Charles Newborn Photography,"39.287701, -76.591972",21231,"""Session Photography""",Professional Services
GTKrZw2uziGZFMiv8N7cig,Dyjit Consulting,"39.266293, -76.622433",21230,"""Business Consulting"", ""Marketing"", ""Web Design""",Professional Services
srvNijl61nPpR8MhROFz8A,Mental Massage Therapeutic Suite,"39.284210, -76.653198",21223,"""Counseling & Mental Health""",Health & Wellness
NRsS-QBYVONcqlIDgHsatw,Nancy Hargrove - Coldwell Banker Realty,"39.282260, -76.593750",21231,"""Real Estate Agents""",Professional Services
HMv3H5on9Q7az8KSo716Bg,The Hair Care Extraordinaire Company,"39.308161, -76.638577",21217,"""Hair Stylists"", ""Hair Extensions""",Personal Care
jPLGZ8oBwCcJcmOFmiTuFg,The Beauty Bar,"39.316630, -76.617200",21218,"""Hair Salons""",Personal Care
aku2mkKniGD-Fd3sbAFe_w,Dana Face Makeup Personal Salon,"39.284210, -76.653198",21223,"""Makeup Artists""",Personal Care
zs4tMl4g09AtYeoEpMxdaw,AP Creative Services,"39.284210, -76.653198",21223,"""Event Photography"", ""Session Photography"", ""Graphic Design""",Professional Services
UEaWKeSm6PQAjRCjI-0jLw,Weldons Signing Service,"39.288530, -76.591590",21231,"""Notaries""",Professional Services
23L2j8taeeDYbKTUE5WHhQ,Glamorous Life Designs,"39.310913, -76.672002",21216,"""Interior Design""",Other
NumhFp8Hl8AfM2aFM-4hrw,Combs Up Braids Down,"39.310913, -76.672002",21216,"""Hair Stylists""",Personal Care
7p9y4AsnhTchIRc9RQMErg,Natural Elevation,"39.316084, -76.619108",21218,"""Health Markets"", ""Honey""",Other
Pdprkt4-erSW2kUfpZgZ9A,The Fifth Media Studio,"39.284440, -76.650240",21223,"""Art Space Rentals""",Personal Care
QUAvP46wGNFWyEgF0xWrfA,Lin's Kids Childcare Center,"39.304986, -76.587869",21213,"""Child Care & Day Care""",Education & Training
kBuxddG4wvIk_8Zj9DRPJw,BareInkDMV,"39.281180, -76.590780",21231,"""Permanent Makeup"", ""Eyebrow Services"", ""Eyelash Service""",Personal Care
Dhsvqnbb-KOhdsFonJLVAA,Invein Aesthetics,"39.269308, -76.589030",21230,"""Aestheticians"", ""IV Hydration"", ""Laser Hair Removal""",Personal Care
4Al5yyHBIb-jxNteKDyO0A,WaaaH LifeStyle Brand,"39.318020, -76.618682",21218,"""Men's Clothing"", ""Women's Clothing""",Retail & Shopping
Mqs7TlLK4UXirH7bflRmOA,BizzyBee Mobile Phlebotomy Company,"39.331249, -76.633510",21211,"""Laboratory Testing""",Professional Services
Q4qVt7AuLStaEihYuEK1uw,Vgalore,"39.329965, -76.602685",21218,"""Hair Stylists""",Personal Care
2Rr_8pKkLq3DnE-tvIeHkw,Massages By Loren,"39.317667, -76.614655",21218,"""Reflexology"", ""Massage Therapy""",Personal Care
3G_Cy1Eq_UL-VdaieLzk1A,Gen Cleans,"39.329965, -76.602685",21218,"""Home Cleaning"", ""Window Washing""",Professional Services
ridJDYX9PllKt2LaJjZukQ,Moviestar Graphics,"39.310200, -76.644970",21217,"""Advertising"", ""Graphic Design""",Professional Services
NAUCuNcRpi71pHsklBoppw,Peanut Butter Events,"39.315167, -76.577193",21213,"""Floral Designers"", ""Party & Event Planning""",Retail & Shopping
YmZ9pcmwGTc4QFUncXFVnA,Curvy Silk Sculpting,"39.317390, -76.608980",21218,"""Body Contouring""",Personal Care
9YaZnXaTyPk2daVPUlwjBA,VVF Investment Group,"39.315167, -76.577193",21213,"""Property Management""",Professional Services
eQgev65HX3p7-v3I0n2Oog,Strengthen The Community,"39.305693, -76.581080",21213,"""Homeless Shelters""",Construction & Home Improvement
8CWZTF8DPr3R5THwXF4FsA,Dope beauty bar,"39.272847, -76.611500",21230,"""Hair Extensions"", ""Wigs"", ""Eyelash Service""",Personal Care
uS7Jt8ZVwl6X7vaxEt4qGA,Demon Transportation,"39.310913, -76.672002",21216,"""Movers"", ""Couriers & Delivery Services"", ""Vehicle Shipping""",Professional Services
hn54HQr5CoebNiJSIMlWFw,Josey SpeakEasy,"39.325949, -76.615570",21218,"""Speakeasies""",Entertainment & Recreation
yEUlOm7-xpA-LLiOQKUN-g,FenZoul Gallery,"39.284433, -76.591934",21231,"""Art Galleries""",Arts & Culture
dOggdI1bsaWdzwoBIbASgQ,DMV Hotshots,"39.329970, -76.639371",21211,"""Couriers & Delivery Services""",Professional Services
npzlpEFNiNGJqEvh2561Og,C Rock Beauty Bar,"39.328873, -76.627587",21211,"""Hair Stylists"", ""Blow Dry/Out Services""",Personal Care
LcJfEU2T6WJUpdNH_z7rDQ,New Vintage By Sam,"39.320440, -76.621113",21211,"""Accessories"", ""Pop-up Shops""",Retail & Shopping
vFwpdP8H3U2f2rDzqy0Aig,D&K AUTO,"39.315092, -76.581526",21213,"""Auto Repair""",Automotive Services
i_yVJCyszzqyRfjrPWY0fA,Kid Logic Childcare Center,"39.332936, -76.594396",21218,"""Child Care & Day Care""",Education & Training
QS-Tc4NKrm6kvre6UgwXzQ,Royalty Beauty Palace,"39.310913, -76.672002",21216,"""Hair Salons""",Personal Care
4_7bLm_l2PYJQTVGNO48rA,Costella Roy’el,"39.318340, -76.610470",21218,"""Men's Clothing"", ""Women's Clothing"", ""Hats""",Retail & Shopping
IzZuMWbqxokEFn-X9nvt-A,Service Sistas,"39.311112, -76.674294",21216,"""Notaries""",Professional Services
uVWieiXXsvN1yG6OiLA5iA,Newbirth Doula Service,"39.309803, -76.671799",21216,"""Doulas""",Other
qxzDXCMrdgElhfojdjPomQ,Miss Cheryl’s Transportation Services,"39.315167, -76.577193",21213,"""Public Transportation""",Travel & Hospitality
7klpNBo7JJHX74cZ-ooWCQ,Aishy Braiding House,"39.316740, -76.654030",21215,"""Hair Salons""",Personal Care
8lI9hJQ6wMTiZL2UqjMK4A,Rakael Audrey,"39.329970, -76.639371",21211,"""Notaries"", ""Officiants""",Professional Services
xq4NAdnBxnEhqYYiLY4jnw,Plumped galore,"39.310913, -76.672002",21216,"""Cosmetics & Beauty Supply""",Retail & Shopping
jLGUOOTH-LYGw4yXBJikCw,Watson Wealth Management,"39.329965, -76.602685",21218,"""Business Consulting"", ""Accountants"", ""Bookkeepers""",Professional Services
Jm17p_k7DElnSggV2wSgXg,TYMELESS STUDIOS,"39.331249, -76.633510",21211,"""Event Photography"", ""Session Photography""",Professional Services
bbewFHS8Eb7yr2XrmjbeDg,Kia Khameleon,"39.266293, -76.622433",21230,"""Hair Stylists""",Personal Care
ahenDD9CjHcaSsVthBQZSw,Hilton Liquors,"39.286012, -76.670823",21229,"""Beer, Wine & Spirits""",Other
hfuiGhCWlG3Df1KLtYtbBA,Sprinkle of Sparkle,"39.315167, -76.577193",21213,"""Venues & Event Spaces""",Personal Care
gRW9sQNjcLcPChbyqn59mA,Liberty Outreach Center,"39.300123, -76.670813",21216,"""Churches""",Entertainment & Recreation
ZOGRYW8W81sTkv6khviHSQ,Shemeca Notary Services,"39.329965, -76.602685",21218,"""Notaries""",Professional Services
n2LCw0ZJvzo3oZ4X8U35rw,By Any Means Asset Recovery Group ,"39.329965, -76.602685",21218,"""Real Estate Services"", ""Real Estate Agents""",Professional Services
URSQFkv2ocV3PijJEuJPkA,DJ Beauty Boutique & Salon Suites,"39.328840, -76.627544",21211,"""Cosmetics & Beauty Supply"", ""Candle Stores"", ""Hair Extensions""",Retail & Shopping
zKPKXrhlin7DVQffwgv1og,Magic  By  Meche,"39.326797, -76.607437",21218,"""Hair Extensions""",Personal Care
mIwImq_vzeLFntaLgqm3Mg,Shipyard Pub,"39.280599, -76.567567",21224,"""Pubs""",Entertainment & Recreation
G3w-bOEz4xHV-xQBWB8AuA,Bertha's Soul Food Bar and Grill,"39.327825, -76.565508",21206,"""Soul Food"", ""Chicken Wings"", ""Lounges""",Food & Dining
KXrhr7FS26SbtJTi-DY65A,So Baltimore Sports Bar,"39.285870, -76.565370",21224,"""Sports Bars"", ""Lounges""",Food & Dining
WdIG1Cwe_czeTNjuzBpJ0w,Off the Rox Wine & Beer,"39.286770, -76.570410",21224,"""Beer, Wine & Spirits""",Other
46pALcwLpTmn1DpcioLIpA,The Juice Bar 2020,"39.327839, -76.565553",21206,"""Juice Bars & Smoothies""",Food & Dining
3mdKIkqKc5jH7L8hBucr5g,1st Amazon Construction Services,"39.283821, -76.550110",21224,"""General Contractors"", ""Roofing"", ""Gutter Services""",Professional Services
Tk4EbkP-LdEm7Nz3oc6fnA,Mackey's Crab House,"39.330994, -76.561603",21206,"""Seafood""",Food & Dining
K7Or4wbjh0pFPLSIpNd0kg,S.A.P. Automotive Group,"39.287650, -76.560000",21224,"""Auto Repair"", ""Towing"", ""Transmission Repair""",Automotive Services
hcP_AcvXbcBg0l9ZOKud5Q,Baltimore Cleaning Pro,"39.322080, -76.573020",21213,"""Home Cleaning""",Professional Services
6z3Uw5rVDYdPyPn1DUSM1g,3 of A Kind,"39.284250, -76.569650",21224,"""Sports Bars"", ""Pool Halls"", ""Music Venues""",Food & Dining
4aVCfbyIBWolik9PWbIggQ,Rock Carter Photography,"39.284540, -76.559540",21224,"""Boudoir Photography"", ""Session Photography""",Professional Services
zY93djhktOOWk20hPubG6w,Ring Dragon Boxing & Martial Arts,"39.332632, -76.568430",21214,"""Martial Arts"", ""Boxing"", ""Self-defense Classes""",Fitness & Sports
g9KcT99NAgp3ctuMpb7Scw,High Grounds Cafe,"39.286367, -76.571397",21224,"""Coffee Roasteries""",Food & Dining
rOQPRWhOn4KMjhxOuoxEng,The Joint Chiropractic,"39.275709, -76.562760",21224,"""Chiropractors""",Health & Wellness
1Z_jQKnkGqxN6qObt7EcQA,Artis Cakes and Creations,"39.300579, -76.578835",21205,"""Custom Cakes"", ""Cupcakes"", ""Desserts""",Food & Dining
cO2gEtdCUgSmJR-XY_rUUg,Knotty Pine,"39.283463, -76.566612",21224,"""Bars"", ""American""",Food & Dining
2YliosmzPeaErC8D7I457w,Sydney's Ice Creams,"39.323260, -76.571920",21213,"""Ice Cream & Frozen Yogurt"", ""Desserts""",Food & Dining
LwyYUwvYceGB8RscybqxRA,Tatted By Ro,"39.283821, -76.550110",21224,"""Tattoo""",Personal Care
rMrTzM9EET0wszOng1eINA,Chelles kitchen,"39.323320, -76.571850",21213,"""Fast Food"", ""Sandwiches"", ""Wraps""",Food & Dining
CIpvQOZg-6XH80ehO9Q-xQ,Cherry’s Beauty Supply Store,"39.286472, -76.564063",21224,"""Cosmetics & Beauty Supply"", ""Hair Extensions"", ""Wigs""",Retail & Shopping
cvyTJ4SXRYahHOhdpDbe1g,Chrimsons Rose Salon,"39.323214, -76.571938",21213,"""Nail Technicians""",Personal Care
cw7BEgkx_eQH_wR5OiHpaA,LXR CATERING,"39.312943, -76.583611",21213,"""Caterers""",Professional Services
TiWaF6kq83B8zF-_Ir-3dg,Air Electric Plumbing Services,"39.317360, -76.563959",21213,"""Heating & Air Conditioning/HVAC"", ""Plumbing"", ""Electricians""",Construction & Home Improvement
ws1O6x1C5PxCgzrENJZSlA,Allasys,"39.277002, -76.565028",21224,"""IT Services & Computer Repair"", ""Business Consulting""",Professional Services
k3blitWu7uFqLCMywYOpZw,Mr. Clean Green Junk Removal,"39.283821, -76.550110",21224,"""Junk Removal & Hauling""",Construction & Home Improvement
bxRp8iK1ZbcS0mptCwCyXw,OpenDoors360,"39.283821, -76.550110",21224,"""Real Estate Photography""",Professional Services
iFi8ck9jUqqq_axLlCoCKw,KZJ Towing,"39.312943, -76.583611",21213,"""Towing""",Automotive Services
hf0-bQHH3CFFKmQ_vcPK5Q,SandH Restoration and carpet cleaning,"39.308730, -76.589750",21213,"""Air Duct Cleaning"", ""Carpet Cleaning"", ""Damage Restoration""",Professional Services
jbD6rcSgJRtzl7JitDJWIg,Rachel Ann Reid,"39.283821, -76.550110",21224,"""Graphic Design"", ""Marketing""",Professional Services
oy4Me4TeZtzFw9xAN18B5Q,YRN Designs Photography,"39.292920, -76.562390",21224,"""Real Estate Photography"", ""Event Photography"", ""Session Photography""",Professional Services
xhhkA86V4iiVOh8Mcp6dCA,So Fresh And So Real Carpet Cleaning,"39.283821, -76.550110",21224,"""Carpet Cleaning"", ""Grout Services"", ""Tiling""",Professional Services
zem1uD2FalpMyCBgJcdAkQ,Self Health,"39.286488, -76.565677",21224,"""Cannabis Clinics"", ""Vitamins & Supplements""",Other
f6zKYLBBqrFlkYw3PoXxKw,Rosario Accounting Firm,"39.286563, -76.562798",21224,"""Accountants"", ""Tax Services"", ""Payroll Services""",Professional Services
P2EyWGvJtaYRBgrVRK3xwA,Rivas Molina Cleaning,"39.283821, -76.550110",21224,"""Home Cleaning"", ""Office Cleaning"", ""Window Washing""",Professional Services
K2ScUvobl-u6HDINht30tQ,Spills On Wheels,"39.280853, -76.557472",21224,"""Bartenders""",Food & Dining
O5cbnk8wm53bxhEOdNFvfQ,Epic Media Photography,"39.283821, -76.550110",21224,"""Session Photography"", ""Event Photography"", ""Videographers""",Professional Services
gTuDSpuILOpwq9HCdE-OZg,Balto Iscreen Repair,"39.316067, -76.580048",21213,"""Mobile Phone Repair""",Technology & IT
As_uJ3DXLGabB7slxuniDw,Cox Holdings,"39.312943, -76.583611",21213,"""Property Management""",Professional Services
tI4VLk6J46-Hse7J2WZAYQ,Femmi Hair Salon,"39.302299, -76.564466",21205,"""Hair Extensions"", ""Hair Stylists""",Personal Care
kteJgQqCjqoV58Iw-780lg,Kujitia Designs,"39.256584, -76.522385",21224,"""Jewelry"", ""Pop-up Shops""",Retail & Shopping
bwPh5IRfBL_TT0wP4aYuvg,Thelma Jean's Southern Style Cooking,"39.372620, -76.594760",21239,"""American"", ""Soul Food"", ""Seafood""",Food & Dining
XkP6NxzdfxdIxGI0rB9lTg,Chef BobbyD Restaurant,"39.337410, -76.637520",21211,"""Caribbean""",Food & Dining
cAHZau7NZIjVRBhOOkPTcg,Nailah's kitchen,"39.360400, -76.610180",21212,"""Senegalese"", ""Breakfast & Brunch"", ""American""",Food & Dining
GMkU0C_6Rs7FsHle7cMmwQ,Freakinsweetjars,"39.362780, -76.552007",21214,"""Bakeries"", ""Desserts""",Food & Dining
kxCLEwbdECmyKTfIUACGFA,Crabs Down Under,"39.341790, -76.526739",21206,"""Seafood""",Food & Dining
sOHYrJm_HvS05vwJ6YisVA,Niecys Fabulous Juice Bar,"39.338840, -76.551090",21206,"""Juice Bars & Smoothies"", ""Cafes"", ""Acai Bowls""",Food & Dining
xbj0OokN_kQG6gOfs47Omw,Design-A-Tee Company,"39.341891, -76.545632",21206,"""Screen Printing/T-Shirt Printing""",Other
SAMZk0YCshpQ5hHKno61Lg,Noir Restaurant & Lounge,"39.359760, -76.610400",21212,"""New American"", ""Lounges""",Food & Dining
LCUAiTUXEbt0Sb4fMtbU4Q,C'est Trice Spa,"39.355935, -76.529084",21206,"""Nail Technicians"", ""Waxing"", ""Eyebrow Services""",Health & Wellness
ankiAnWFJRd7-ZLL2tr7qA,Celestial Cafe,"39.342725, -76.544676",21206,"""American"", ""Southern"", ""Soul Food""",Food & Dining
leJYoAl6_28Qqmf-YfklJg,Colin's Seafood and Grill,"39.367548, -76.584204",21239,"""Cajun/Creole"", ""Seafood"", ""Steakhouses""",Food & Dining
sGj6gCAj0McGYhBUyNrlYA,Mi & Yu Noodle Bar,"39.335901, -76.630084",21211,"""Asian Fusion"", ""Noodles"", ""Ramen""",Food & Dining
mI8ZvNkH8Fm5RifDC4fDsg,The Brunch Gods,"39.362800, -76.552010",21214,"""Food Delivery Services"", ""Caterers""",Professional Services
GQw2vg3kFv6zNl8bKX_QuA,Harford Road Liquors,"39.342545, -76.569016",21214,"""Beer, Wine & Spirits"", ""Tobacco Shops""",Retail & Shopping
k2YJWKhdfHWKhrOrkQS4iA,Art with Arijanaye,"39.341935, -76.546654",21206,"""Paint & Sip"", ""Art Classes"", ""Party & Event Planning""",Education & Training
hTQ3C2AztxJ1ogsrGJxDqA,BK Visuals,"39.335911, -76.539268",21206,"""Home Cleaning"", ""Lawn Services"", ""Carpet Cleaning""",Professional Services
XslPqV02YBI7yP9wVzB2ow,A S Dunn Event Services,"39.281818, -76.541261",21224,"""Photo Booth Rentals""",Entertainment & Recreation
W-7puZv5tU63uXeCnM8TUg,Foodgitive,"39.332062, -76.527299",21206,"""Food Trucks"", ""Burgers"", ""Fast Food""",Food & Dining
RM2i-4PP3l22Wtc_yNHPHg,Hey Daddy's,"39.348903, -76.537691",21223,"""American""",Food & Dining
P7OI1G8JVK3Zsw0KwBdyXw,Shekinah Glory,"39.340910, -76.547350",21206,"""African""",Food & Dining
8jC_53FxmRtyAH2AHCgjUQ,Magic Cleaning Services ,"39.281818, -76.541261",21224,"""Home Cleaning"", ""Carpet Cleaning"", ""Office Cleaning""",Professional Services
1TzWmMhnvm_4G7d3RBjoWQ,Hip Hop Fish & Chicken,"39.345744, -76.593516",21239,"""Fast Food"", ""Seafood"", ""Chicken Wings""",Food & Dining
32GmZFJJT5zrgLdo27fiVg,MB Lawn Care and Curb Appeal,"39.351771, -76.564460",21214,"""Lawn Services"", ""Junk Removal & Hauling"", ""Pressure Washers""",Construction & Home Improvement
pmOzmAN1pHm8xjJB3Sf2_w,Hamilton Sports Bar & Grill,"39.352640, -76.561630",21224,"""Sports Bars"", ""American""",Food & Dining
bcmjlMEAIuVy3nw4FWWaTw,3 Sons Cleaning Crew Services,"39.351771, -76.564460",21214,"""Office Cleaning"", ""Movers"", ""Home Cleaning""",Construction & Home Improvement
_fb3Rg_gQV0E95Mxj0d9Fg,Free Queen See Crystal Shop,"39.249169, -76.637383",21230,"""Spiritual Shop"", ""Jewelry"", ""Gemstones & Minerals""",Retail & Shopping
3WLU-5NBsvhPYARwwp-UHw,One Sweet Moment,"39.352940, -76.562190",21214,"""Ice Cream & Frozen Yogurt"", ""Shaved Ice""",Food & Dining
dmJc-HBmGHMY8nMe6hJ2BA,SpotOn Cleaning Services,"39.351771, -76.564460",21214,"""Home Cleaning"", ""Office Cleaning""",Professional Services
hcPKlkeUldEkqK5UAYlZPg,Tasha Flowers - Your Personal Florist,"39.364000, -76.609750",21212,"""Florists"", ""Floral Designers""",Retail & Shopping
2VBOlZaYjadcrPsUtCZWLA,Aaduri Healing Arts,"39.343364, -76.568319",21214,"""Massage Therapy"", ""Reiki"", ""Skin Care""",Health & Wellness
b_0eMUi7G-vzdTP1pj64HA,Smittys Handyman and Hauling,"39.281818, -76.541261",21224,"""Lawn Services"", ""Junk Removal & Hauling"", ""Handyman""",Construction & Home Improvement
Np1Ft9znqiTeTYGms1y1Ww,Blossoms Events And Catering,"39.232293, -76.609094",21225,"""Party & Event Planning"", ""Vegan"", ""Cooking Classes""",Food & Dining
9EGyIpLoI1LhjpBemTiqCQ,Blaze Culinary,"39.225912, -76.615271",21225,"""Caterers"", ""Personal Chefs"", ""Bartenders""",Food & Dining
BZ5KkTWUerxC0fjrlxeaNQ,Urbanly Stitched,"39.249001, -76.637481",21230,"""Women's Clothing"", ""Wigs"", ""Men's Clothing""",Retail & Shopping
YHAbEdgatfwOUtEzZu8-6Q,Juicie Da drip bundles,"39.368313, -76.615058",21212,"""Hair Extensions"", ""Eyelash Service""",Personal Care
AXx7BYLtTCxp7C_4eSljug,Cliff Carpet Cleaning,"39.345960, -76.566810",21214,"""Carpet Cleaning"", ""Auto Detailing"", ""Window Washing""",Professional Services
TEJYK3tl-yKdwGNCHPnz-w,ABC Rental Center,"39.272490, -76.539560",21224,"""Party Equipment Rentals"", ""Machine & Tool Rental""",Entertainment & Recreation
rGPt4n8EGcCdi5aq2J7GrA,Clear View Restoration,"39.373905, -76.669566",21209,"""Handyman"", ""Environmental Abatement"", ""Damage Restoration""",Construction & Home Improvement
2V55rpEJsCOaZmvlR4XkLw,Mike Gee's Insurance Group,"39.325188, -76.550170",21206,"""Life Insurance""",Finance & Insurance
SHlzejJJ4DPIhOAJqKWT-A,Nail Fetish Boutique,"39.351620, -76.533750",21206,"""Nail Salons""",Personal Care
5e4Z5fpyXc47cH3Ni0RBng,Jal Brakes On The Go,"39.339306, -76.536741",21206,"""DIY Auto Shop""",Automotive Services
Y9CrW7JLcwzAGiM6s-Z8Iw,New Mercy Cleaning,"39.339306, -76.536741",21206,"""Home Cleaning"", ""Office Cleaning""",Professional Services
3f6w0zqPciOX6mq14VlI1g,ChizeManor Boutique,"39.248988, -76.637481",21229,"""Women's Clothing"", ""Children's Clothing"", ""Accessories""",Retail & Shopping
nfl9eEo16Eh2xJ501eeHtA,Fit Prep Meals,"39.358165, -76.610105",21212,"""Food Delivery Services""",Food & Dining
Xm1HZCz6d7FvpL657sAGNA,Nile Style Barber Shop,"39.363144, -76.552460",21214,"""Barbers""",Food & Dining
dpr8VQ3hRK5BP9E-A3oFfw,Choc Liit Experience,"39.340840, -76.548290",21206,"""Massage Therapy""",Personal Care
VXV2hDfJ_l5rbyC65toOow,True Digital Hand,"39.361633, -76.587463",21239,"""Web Design"", ""Marketing"", ""Videographers""",Professional Services
LMTJ5eJ9bQSJDYvFYoNUWQ,Lashed By Li,"39.339306, -76.536741",21206,"""Eyelash Service""",Health & Wellness
aqZbPNTWuRYM5LKy2OwTUA,Vinson Technical Solutions,"39.347530, -76.507780",21206,"""IT Services & Computer Repair"", ""Security Systems"", ""Home Automation""",Construction & Home Improvement
pO3UobLCNRzxI-zGbINY5w,Silent Ventures,"39.343310, -76.568100",21214,"""Couriers & Delivery Services""",Professional Services
L1ZEKOY6DJ4bkIvXOPeJvw,Double L Entertainment,"39.335911, -76.539268",21206,"""DJs""",Professional Services
0lssA_zzGb04LA2Er5jg2A,Clean As A Whistle,"39.334663, -76.539101",21206,"""Home Cleaning""",Professional Services
eJQ8xunMJ2E2r9dLbcWFIA,AM Cutz,"39.233724, -76.613811",21225,"""Barbers""",Food & Dining
DenBuM60t-Dw885GN2D5sQ,Donna R Snyder Virtual Event Consultant,"39.337605, -76.546692",21206,"""Business Consulting"", ""Marketing""",Professional Services
GiPftz8RC9HEgIelj5grMQ,Lane’s Moving And Hauling,"39.334663, -76.539101",21206,"""Junk Removal & Hauling"", ""Furniture Assembly"", ""Movers""",Construction & Home Improvement
BrxK1MITkfNW_RCVCPeSsg,All Star Clean,"39.334663, -76.539101",21206,"""Office Cleaning"", ""Home Cleaning"", ""Biohazard Cleanup""",Professional Services
3NFh51ZjsKFtE0dRSVHaOg,SSI Investigative Services,"39.337605, -76.546692",21206,"""Private Investigation"", ""Security Services""",Professional Services
EZANmdV2PzSlZRIjPSizSw,DB&T Entertainment,"39.337610, -76.546690",21206,"""Photo Booth Rentals""",Entertainment & Recreation
Yb-oxZnte_IXa3dU-5Wveg,The Soul Of Memphis,"39.249160, -76.637388",21230,"""Soul Food"", ""Steakhouses""",Food & Dining
SXr4vTOxExBJy-zzTeX1CA,Coleman's Creations,"39.334663, -76.539101",21206,"""Party & Event Planning"", ""Party Supplies"", ""Party Equipment Rentals""",Entertainment & Recreation
fp2Qmd1LUwx1pj3po4OXFA,Lynn Jones Company,"39.264788, -76.546116",21224,"""Laboratory Testing""",Professional Services
ZAWxJyUjVhDJrPh0LmaDkw,Aion Navor Wilson,"39.339306, -76.536741",21206,"""Psychologists""",Health & Wellness
29L_HpBC31u6o-j2gN2Ttw,The Joint Chiropractic,"39.335936, -76.630664",21211,"""Chiropractors""",Health & Wellness
yy62iX4Hx_zj0dvcnTUSHQ,After Hours,"39.334663, -76.539101",21206,"""Notaries""",Professional Services
DZjWzFq9uASM7Njl8Io8ug,Bethany J. Photography,"39.356483, -76.634377",21210,"""Session Photography""",Professional Services
08g0ZJJ4ytMg-cqYnbWAjQ,RS Hauling,"39.351771, -76.564460",21214,"""Junk Removal & Hauling""",Construction & Home Improvement
EenHdC-EGUXULKOdaptlyg,Git Tech,"39.339306, -76.536741",21206,"""IT Services & Computer Repair"", ""Security Systems"", ""Home Theatre Installation""",Construction & Home Improvement
Px2-E14V3GQdD8pVHBfDaQ,B More Home Improvement And Landscaping,"39.339306, -76.536741",21206,"""Handyman"", ""Landscaping"", ""General Contractors""",Construction & Home Improvement
WSNO-cbF_QZFx-OqAuTIaQ,Vice Notary Solutions,"39.339306, -76.536741",21206,"""Notaries""",Professional Services
kdF8w6_5SUcmwRL18Zsz-Q,HAIRBYDASH,"39.322266, -76.547752",21206,"""Hair Stylists""",Personal Care
8pgCDh34aB1erF-xcnUwfg,Flair Cuisine,"39.362780, -76.552007",21214,"""Caterers""",Professional Services
HBevkLF90P-M8yGBRZmApQ,Volt Tech,"39.337605, -76.546692",21206,"""Lighting Fixtures & Equipment"", ""Electricians"", ""Home Automation""",Construction & Home Improvement
LBrXGUB2oZbuKRCAn27Scw,key2cleaning,"39.339306, -76.536741",21206,"""Home Cleaning""",Professional Services
8VM-YQPIdE80PtTW1rm5_g,G.O.D. Improvements,"39.339306, -76.536741",21206,"""General Contractors"", ""Electricians"", ""Foundation Repair""",Construction & Home Improvement
LWrIJUfFx0b-fnJtrlYgng,A Step Ahead Fitness,"39.351771, -76.564460",21214,"""Cardio Classes"", ""Soccer"", ""Yoga""",Fitness & Sports
Ny4s0Rutw9dE7jEG_snYwg,LuluBs Closet,"39.344939, -76.541391",21206,"""Thrift Stores""",Retail & Shopping
D5RgEI9jiT1uVW0gOuzndg,Simply Modest & Co Family Daycare,"39.361330, -76.580610",21239,"""Child Care & Day Care""",Education & Training
XL3HNIBQMdDErBfLk8lTVg,The UPS Store,"39.335952, -76.629940",21211,"""Printing Services"", ""Mailbox Centers"", ""Shipping Centers""",Professional Services
RUnwQWndQUisEGBz3x6FOQ,I Gotta Guy,"39.339306, -76.536741",21206,"""Handyman"", ""Waterproofing"", ""Painters""",Construction & Home Improvement
87HrXNj3ivmNaxiC-Insxw,ACG Math Tutoring,"39.352184, -76.561569",21214,"""Private Tutors"", ""Test Preparation""",Education & Training
yeAIJN9Ot7I3ps_DVv7hmQ,KeepitCute Creations by KMW,"39.344650, -76.609910",21212,"""Hair Salons"", ""Nail Salons""",Personal Care
jqs1vKCSj649VUjyHYYC8A,Solo M,"39.296157, -76.506692",21224,"""Accessories"", ""Men's Clothing"", ""Women's Clothing""",Retail & Shopping
5mDSK9xXfv9uT3aG7Jg7Tg,Mercy Behavioral Health center,"39.356600, -76.610050",21212,"""Counseling & Mental Health"", ""Behavior Analysts""",Health & Wellness
RKtSKUdA8M6n-znMmi-yJg,The Perfect Move,"39.339306, -76.536741",21206,"""Movers"", ""Junk Removal & Hauling"", ""Furniture Assembly""",Construction & Home Improvement
a9EzE_BotlPamd7UvRY05w,Cidehustle,"39.351771, -76.564460",21214,"""Hair Extensions""",Personal Care
o-TKZ3_O30V8UC7IIWkK5g,Adam & Eve Hair Braiding,"39.355664, -76.609604",21212,"""Hair Extensions""",Personal Care
_lBb_5Y0ldmbmtoDZoEwSA,Krazy Kewt Wigs,"39.351771, -76.564460",21214,"""Wigs""",Retail & Shopping
PziDX7iNY3Z6EE04wF6OqA,Elegant Planning & Decor,"39.351771, -76.564460",21214,"""Wedding Planning"", ""Party & Event Planning"", ""Party Equipment Rentals""",Entertainment & Recreation
t3I5v4DoPV_FV8FcRcJBXw,Beardiful Oils,"39.248987, -76.637466",21230,"""Cosmetics & Beauty Supply""",Retail & Shopping
JJxbXMSFDUsPHv5WSK_eFA,Blxck Crxwn,"39.359170, -76.555373",21214,"""Barbers"", ""Skin Care""",Food & Dining
8V1L5kpKssbVOhseqY7IJQ,Anthony Ware Magic,"39.352184, -76.561569",21214,"""Magicians""",Entertainment & Recreation
C_gWEWX_k1KEpZY5QXNSmw,Baltimore Magician Anthony Ware,"39.352873, -76.553723",21215,"""Magicians"", ""Face Painting"", ""DJs""",Professional Services
LVQEqRQ-wkAixCBA0TZ7Pw,Big Pressure Hydrowash,"39.366520, -76.587295",21239,"""Pressure Washers"", ""Snow Removal""",Construction & Home Improvement
xbWf71SXsnkBsY2r1u7w1w,Klean World,"39.366520, -76.587295",21239,"""Home Cleaning"", ""Home Organization"", ""Office Cleaning""",Professional Services
AgG4bVIVS_9lqyqgwSaAcw,Maryland Luxury Cleaning Services,"39.351771, -76.564460",21214,"""Home Cleaning"", ""Carpet Cleaning"", ""Office Cleaning""",Professional Services
xWY3WlaoCmr8XKlkE6DUpQ,Alovely Enterprises,"39.366520, -76.587295",21239,"""Business Consulting""",Professional Services
GvLs48COkyDhiKdITmiIiQ,Dream Motivators,"39.367344, -76.581723",21239,"""Business Consulting""",Professional Services
Ii_JgcQP967E5bhVqL1Jlw,Silent screams clothing ,"39.345670, -76.609930",21212,"""Men's Clothing"", ""Women's Clothing""",Retail & Shopping
OlwoRrImu6Ydn-3BMf5NTQ,I Give Quality Not Quantity Floor Cleaning Service,"39.355980, -76.515790",21206,"""Home Cleaning"", ""Office Cleaning"", ""Carpet Cleaning""",Professional Services
ZQF8BXzzu7i9kFMtjVWQSA,"Search, Like & Love","39.362126, -76.609409",21212,"""Life Coach""",Health & Wellness
yEhVa50i9jbAk-9px7IJYQ,Hart Mobile Notary Services,"39.364841, -76.610153",21212,"""Notaries""",Professional Services
klKYCQjPccF0h-Q8BT_4MA,S. Tisdale Notary,"39.366520, -76.587295",21239,"""Notaries""",Professional Services
MyTiYcjZyUtzLn3khVjJaA,Angelically Unique,"39.349671, -76.574695",21214,"""Jewelry"", ""Makeup Artists"", ""Massage Therapy""",Personal Care
Speiu6YcbMy_bEqxfXiBbQ,Ken Insurance Brokers,"39.236174, -76.602618",21225,"""Life Insurance""",Finance & Insurance
L9Aw0_3dG1iOo8piA1an-A,DC Towing And Junk Cars,"39.234350, -76.594860",21225,"""Towing"", ""Junk Removal & Hauling""",Automotive Services
jNzmOrVXKfJ30Cn0sOQDTQ,Glow By Fardi,"39.368313, -76.615058",21212,"""Hair Stylists""",Personal Care
kHHAFx1pqFKr_kCUI9kRig,Picasso cleaning service,"39.225912, -76.618556",21225,"""Office Cleaning""",Professional Services
Hc9TXyxliKyo6PBEpO8XtQ,KC Sparkling Cleaning Service,"39.368313, -76.615058",21212,"""Home Cleaning"", ""Office Cleaning""",Professional Services
iBmKjoaderhcO9hU4vLb4Q,Meyiwa Puppet Magic Show,"39.373905, -76.669566",21209,"""Magicians""",Entertainment & Recreation
gEyq_WFkH3Ag-aKkxOsT6g,Goods-4-Good,"39.364727, -76.668907",21209,"""Movers"", ""Junk Removal & Hauling"", ""Couriers & Delivery Services""",Construction & Home Improvement
XCBFdo8kF78C_bVWUixqew,Nova Nails,"39.377196, -76.608463",21212,"""Nail Salons""",Personal Care
65xv4cYmJpEhNaNU9-CB2g,Mpenzi Cuisine,"39.368313, -76.615058",21212,"""Caterers""",Professional Services
ncz474xiowA5m7rAEAgb6A,Ward’s Lawn Care,"39.368313, -76.615058",21212,"""Lawn Services""",Professional Services
_I2jR97wpNV4n62c1xVidQ,"Ashley Rogers, Realtor","39.383240, -76.658390",21209,"""Real Estate Agents""",Professional Services
K1dWRnunYaqTYPPe95qmMQ,Shanes Hair Studio,"39.374104, -76.670258",21209,"""Hair Stylists"", ""Blow Dry/Out Services""",Personal Care
QRr96jxqG2xodTWI4Z954w,VIP Unisex Barbershop,"39.339568, -76.666659",21215,"""Barbers""",Food & Dining
zcnD2vC63JSqCNN_ADVC4A,Tricks Detail and  Wash,"39.374104, -76.670258",21209,"""Auto Detailing"", ""Car Wash""",Automotive Services
IrUMfUiLbk5gG7zyKn1IwQ,TK Styles98,"39.366720, -76.676870",21209,"""Hair Stylists""",Personal Care
0jPnTopYNzJw1dTz8xxKcQ,Community Compassion Services Inc,"39.235310, -76.599670",21225,"""Community Service/Non-Profit""",Entertainment & Recreation
6zgyihbeLglS6WVB1IoapA,B & T Auto Repair,"39.243876, -76.621397",21225,"""Auto Repair""",Automotive Services
V9yxcIXI2g95gZvjmkhcQA,Relax at Home Bio Heal,"39.399940, -76.605370",21209,"""Alternative Medicine""",Health & Wellness
HepfJS44LIUS9bCWSkj8QQ,B H Steele Printing,"39.356483, -76.634377",21210,"""Graphic Design"", ""Printing Services""",Professional Services
KjcFUKCxww57YfMJb1VTYw,Detail Kings West,"39.348170, -76.693200",21215,"""Auto Detailing"", ""Car Wash""",Automotive Services
uYvr-clBDIml325E7-JGTA,Tylinos Caribbean and American Cuisine,"39.351460, -76.683500",21215,"""Caribbean"", ""New American""",Food & Dining
tCkE4isBS4XJo3Sxg5Ixhg,Goldies Seafood Carryout,"39.353856, -76.699361",21215,"""Delis"", ""Salad"", ""Seafood""",Food & Dining
fCKdzXk6OTveJ5HAV2vgTw,Home Sweet Home Cafe & Brunch,"39.345596, -76.699175",21215,"""Breakfast & Brunch""",Food & Dining
sDe-hjq319Lckl9r5lchqA,Soul & Sea Cafe,"39.343387, -76.683764",21215,"""Southern"", ""Seafood""",Food & Dining
ldjHbBLc_Pmrl2babgg0Jw,Thomas Mobile Services,"39.345490, -76.683658",21215,"""Taxis""",Travel & Hospitality
0uVx2kLlxmVEmdLU0xX7TQ,DJS Auto Body and Service,"39.349840, -76.679880",21215,"""Body Shops"", ""Auto Repair"", ""Towing""",Automotive Services
AajVVzGVnSsWGxiKUfA6kw,Drivers Edu. Driving School - City West,"39.346050, -76.687302",21215,"""Driving Schools""",Education & Training
jZeGGRqxNQ-xb4xfRkE3Ag,Baked In Baltimore,"39.359851, -76.709608",21215,"""Cupcakes"", ""Patisserie/Cake Shop"", ""Bakeries""",Food & Dining
2wu59mTBIBNyFrEnXfaVvA,Xtreme Snow,"39.341727, -76.681739",21215,"""Shaved Ice""",Other
rToeJrx1nkjTplR2SccTkQ,Untangled By Nikole Butler,"39.351155, -76.696310",21215,"""Hair Salons"", ""Permanent Makeup"", ""Eyebrow Services""",Personal Care
9O_EntiBOLjQgdR4P__uYA,Serenity Divine Care,"39.345490, -76.683658",21215,"""Counseling & Mental Health""",Health & Wellness
Xo6abAGMXpPhFpmBZKHrJA,Free Da Block Drain Cleaning Services,"39.345490, -76.683658",21215,"""Plumbing""",Construction & Home Improvement
5u8wtNS-aZZ27Prr5pDWqQ,Passion City,"39.346940, -76.683440",21215,"""Community Service/Non-Profit""",Entertainment & Recreation
xQ7ze6JKEQmE7Obntz1Xkw,Roberts Family Movers,"39.293494, -76.717860",21229,"""Movers"", ""Junk Removal & Hauling"", ""Packing Services""",Construction & Home Improvement
2REQJ54migifG_VpLf5jJA,Journie Nova Sweet,"39.345490, -76.683658",21215,"""Candy Stores""",Retail & Shopping
-GyaFHMA6Bdr_tEhtdZvBA,Keithrys Floworyx,"39.341560, -76.710009",21215,"""Caterers"", ""Cafes""",Food & Dining
Zj4DOTej0WLZfhDMzdsGDw,ABJ Cleaning And Landscaping,"39.345490, -76.683658",21215,"""Home Cleaning"", ""Landscaping""",Construction & Home Improvement
iAyKMN4yiKm4ekl1oT6f5g,Platinum Skin Esthetics,"39.345490, -76.683658",21215,"""Estheticians""",Personal Care
nJxvYLkXsCo0PwgqhWh78A,Math Aunty Tutoring and Consulting,"39.346940, -76.683440",21215,"""Private Tutors""",Education & Training
5BAb6aMOqCzfmUGpiKnsXQ,Sunset Customs Creations S.F.,"39.361360, -76.709610",21215,"""Chocolatiers & Shops"", ""Party & Event Planning""",Retail & Shopping
HtddFRD3QKxY3QgrcJAMow,Zen Chiropractic & Wellness Space,"39.360025, -76.697791",21215,"""Chiropractors"", ""Weight Loss Centers""",Health & Wellness
8k1LyIuezS9HluSACF1ywA,Beauty Me Down,"39.290218, -76.718242",21229,"""Waxing"", ""Skin Care"", ""Body Contouring""",Health & Wellness
7wZOWfK0EU7jJyyLaRzcVg,Bryans Remodeling Services,"39.345490, -76.683658",21215,"""General Contractors""",Other
F3OCYZaiG2fv6JCULlMDXg,Nu Life,"39.345490, -76.683658",21215,"""Home Cleaning""",Professional Services
9FEF5GTgCj3p33mdNU-RSw,Baltimore Win Foundation,"39.345490, -76.683658",21215,"""Educational Services"", ""Community Service/Non-Profit"", ""Career Counseling""",Professional Services
vznJAHzBnBEMD8G-BsxJrw,"Langston Hughes Community, Business & Resource Center","39.342583, -76.680248",21215,"""Community Service/Non-Profit"", ""Educational Services"", ""Venues & Event Spaces""",Entertainment & Recreation
jSsUjrHN0O0doJ32Kd3fAw,Edwards Staging & Consulting,"39.345490, -76.683658",21215,"""Home Staging""",Construction & Home Improvement
_gn_Lh0ZpZd3jwFEdMSu5A,Creative Chaos Studio,"39.345490, -76.683658",21215,"""Paint & Sip"", ""Team Building Activities"", ""Karaoke""",Entertainment & Recreation
lYNI1n7HpCtQnY2zvVdBdw,Dre-L,"39.343860, -76.672670",21215,"""Barbers""",Food & Dining
xDg6kSfePuqwc7WIbR2IlQ,Ravision Photography,"39.345490, -76.683658",21215,"""Event Photography"", ""Session Photography""",Professional Services
yC_RZBOu84mgzr8z0GWnfQ,Fezatech Auto,"39.353036, -76.698986",21215,"""Auto Repair""",Automotive Services
IauiO3O1tOF2TowdqOZKzg,Cute as a Button Enterprise,"39.345648, -76.670526",21215,"""Party Supplies"", ""Event Photography"", ""Party Characters""",Entertainment & Recreation
rHrras4HRdMnwbvMUhYk3g,N Deneen Consulting,"39.346940, -76.683440",21215,"""Bookkeepers"", ""Accountants""",Professional Services
fDDDHOSP52lkZA7cY4jH5w,American Association of Phlebotomy Technicians,"39.357777, -76.703830",21215,"""First Aid Classes"", ""CPR Classes""",Education & Training
fkxZMFSY8re9bPXGlzwn3Q,Lizzy Africa Hair Braiding,"39.345490, -76.683658",21215,"""Hair Extensions""",Personal Care
lYCCV6IMQuy9FRRgC-aCpA,HandyStan's,"39.345490, -76.683658",21215,"""Painters"", ""Plumbing"", ""Electricians""",Construction & Home Improvement
dwJfnk-51NmlubN6MSqlpQ,M&A Window Tinting Tag & Title,"39.353901, -76.698611",21215,"""Auto Detailing"", ""Car Window Tinting"", ""Vehicle Wraps""",Automotive Services
UsQzfM0hMNeKX1bwXywqBg,Sacred Mortality,"39.345490, -76.683658",21215,"""Doulas""",Other
hiwr8e_iNOmbK-rqGZXUnw,KMC Indoor Entertainment Center,"39.342940, -76.683890",21215,"""Indoor Playcentre"", ""Venues & Event Spaces""",Entertainment & Recreation
nPSl0bHeFwelL33xLrU3IA,The Mercenary Chef Enterprises,"39.345490, -76.683658",21215,"""Caterers"", ""Personal Chefs"", ""Cooking Classes""",Professional Services
2JZL1mbpZYrM6cmFa1tbzQ,Daves Mobile Notary,"39.345490, -76.683658",21215,"""Notaries""",Professional Services
q5BwB46EAE1g_zgjNsEn1Q,Divine Notaries,"39.345490, -76.683658",21215,"""Notaries""",Professional Services
DKMR5DO6v36ZkECJFYbrAQ,Travel SnobBish,"39.346940, -76.683440",21215,"""Travel Services""",Professional Services
khKrGroyQBrBOP0xSxjybQ,Woman To Woman International Ministries,"39.337923, -76.692736",21215,"""Religious Organizations""",Other
w7WuH2-FtJH7R2LWecTtEA,Keystone Productions,"39.414023, -76.702745",21215,"""Video/Film Production"", ""Videographers"", ""Session Photography""",Professional Services
QvPfIhPNYliMoCBpz2DRuA,Ellen And Mary Home Improvement,"39.291833, -76.713632",21229,"""General Contractors"", ""Electricians"", ""Flooring""",Construction & Home Improvement
_Esoi32YraAS2s-2saR6Yg,E Mart Convenience Market,"39.297073, -76.685861",21229,"""Convenience Stores""",Retail & Shopping
1V5k7yardbt2zRuYeXiMYQ,Jenny Naturals,"39.290233, -76.718488",21229,"""Hair Stylists""",Personal Care
oYSE86qQ2LYpb3X8Q_HDJA,Beyond Hair,"39.289840, -76.718127",21229,"""Hair Stylists""",Personal Care
FrwkIeb36z1qeuEoBV14Gg,Sugar Mama's,"39.281976, -76.683760",21229,"""Soul Food"", ""Sandwiches"", ""Breakfast & Brunch""",Food & Dining
T3RM9v9nqQFqFKv2LY0v_Q,Bulk Brothers,"39.282749, -76.693062",21229,"""Junk Removal & Hauling"", ""Movers""",Construction & Home Improvement
Zt-h1-Vqptv0xwJuExpDow,First call pest solutions,"39.282749, -76.693062",21229,"""Pest Control""",Other
CP3rgVcGsXpHqydB1shYKg,Hudson Hauling and Janitorial,"39.285141, -76.690768",21229,"""Junk Removal & Hauling""",Construction & Home Improvement
7zlkUzxQAkrP1aT46huO2Q,Nicole and Company,"39.285141, -76.690768",21229,"""Blow Dry/Out Services"", ""Hair Extensions"", ""Hair Stylists""",Personal Care
7LLxgO0sdlO1YYGUoy63EQ,ArtSEE,"39.283676, -76.688622",21229,"""Event Photography"", ""Session Photography"", ""Party & Event Planning""",Professional Services
qfdDeI0Bs15nNtjdkq7YHQ,TeamUs Cleaning,"39.283676, -76.688622",21229,"""Office Cleaning"", ""Home Cleaning"", ""Home Organization""",Professional Services
jUHpvPBNFZT53HSeUAqDaw,CDM Financial Solutions,"39.284667, -76.677196",21229,"""Tax Services"", ""Notaries""",Professional Services
1uUutofXc48-p18dhXOpdw,Devon Mobile Mechanic,"39.285141, -76.690768",21229,"""Auto Repair"", ""Oil Change Stations"", ""Tires""",Automotive Services
zUhLpnJTY6CkJ9X6kIyLlQ,Troy's Cleaning Service,"39.285141, -76.690768",21229,"""Office Cleaning""",Professional Services
xyhWLB4z6WqlOMZMS_hLdQ,Greenflag Media,"39.282749, -76.693062",21229,"""Advertising"", ""Web Design"", ""Marketing""",Professional Services
L2cQ5bZ2mPvoQae8MwmOhg,Mookie's Memories,"39.285141, -76.690768",21229,"""Session Photography"", ""Event Photography"", ""Photography Classes""",Professional Services
goeS1Ncr7mfk9PTTHpL9dg,Queen’s Nail Salon & Spa,"39.285141, -76.690768",21229,"""Nail Salons""",Personal Care
-lZG6JNwTrL3gqEDv2tUdg,Crownlife Lawncare,"39.285141, -76.690768",21229,"""Lawn Services""",Professional Services
lGMb6irA2umCi6tNEkATwQ,Covid Clean America,"39.285141, -76.690768",21229,"""Biohazard Cleanup""",Other
3XZ7ApS6tmM8WeBQvt_adQ,Getaway Clean,"39.285141, -76.690768",21229,"""Office Cleaning"", ""Home Cleaning"", ""Flooring""",Professional Services
0nx3aAYBJ-ASkLbCTwgn4Q,Harper’s Child Daycare,"39.285141, -76.690768",21229,"""Child Care & Day Care""",Education & Training
rJttTvsZHoGJIqMzgHCtoQ,Coochie Crunch Cookies,"39.285141, -76.690768",21229,"""Desserts""",Food & Dining
FUGfKgqGnLj8ym-Xa4DPNg,E Fox Management,"39.285141, -76.690768",21229,"""Marketing""",Professional Services
KMLcz1yp4zWot2jKUUmNjQ,Tulips Hair Boutique,"39.266217, -76.699638",21229,"""Cosmetics & Beauty Supply"", ""Hair Extensions"", ""Wigs""",Retail & Shopping
oIcGGxFh2vE20BGqHmsyRA,Miss Erica's Kitchen,"39.221137, -76.630102",21225,"""Food Delivery Services"", ""Food Stands"", ""American""",Food & Dining
e0i06JsH7RGAdIZDLr822w,Sewer Slayer,"39.226700, -76.614510",21225,"""Plumbing"", ""Water Heater Installation/Repair""",Construction & Home Improvement
MGSFbJ5lwAjH_gJAe2vSwA,Anchor Towing & Roadside,"39.208620, -76.621010",21225,"""Roadside Assistance"", ""Towing""",Automotive Services
1Lp1rd75Ur5AlvBH-7mITA,CS Mobile Carwash,"39.230263, -76.614838",21225,"""Car Dealers""",Automotive Services
-ROvITW-OloIV41WnAykKw,The BBQ Crew,"39.222570, -76.628210",21225,"""Barbeque""",Food & Dining
16Di256ooYFTWjgQQWod4A,Cash Loans Bear,"39.217941, -76.615307",21225,"""Check Cashing/Pay-day Loans"", ""Installment Loans""",Finance & Insurance
gqWgDq8zQOxBI0WqhRQPlA,JahFast Power Washing,"39.217007, -76.617392",21225,"""Pressure Washers""",Construction & Home Improvement
8XImIoWfbHrkYyDZo-7bZQ,Zenirs Cleaning,"39.217007, -76.617392",21225,"""Office Cleaning"", ""Home Cleaning""",Professional Services
